video,short-term_memorability,nb_short-term_annotations,long-term_memorability,nb_long-term_annotations
7494,0.8802037386779881,33,0.7492241168831164,12
7495,0.835571698717949,34,0.7941266666666668,10
7496,0.799626893939394,32,0.7736127844516598,13
7497,0.900067929292929,33,0.8622920000000004,10
7498,0.8440541956654459,33,0.7235505344100348,10
7499,0.8173823574481076,33,0.733659429473305,13
7500,0.8387956702186703,33,0.6894243088855583,10
7502,0.8495649711399712,43,0.7229065800865804,15
7503,0.781680833333333,33,0.78977886949162,11
7504,0.8465731931124432,33,0.6676338580031078,15
7505,0.8946717077367079,38,0.8364891509324007,10
7506,0.8425078668276165,34,0.7696825683066932,10
7507,0.7825204300144294,34,0.8442807142857146,12
7508,0.8070768202075709,33,0.8280636443736007,14
7510,0.8769171974969479,33,0.8910245201048959,11
7511,0.8410525,34,0.857255,18
7513,0.8287314253524259,34,0.903962045093795,19
7515,0.8714485110722608,33,0.7824090461760461,13
7516,0.8758124314574315,34,0.7766669729437231,11
7517,0.8754650519480522,33,0.7496593648018646,13
7518,0.7698915909090907,33,0.6955961111111115,10
7519,0.8993938333333331,32,0.7245750000000001,10
7520,0.8444001764901762,33,0.7157480582195584,14
7521,0.8839836337828842,34,0.735316469992426,14
7522,0.8676657242757244,33,0.7329730736249048,16
7523,0.8041716829836832,34,0.7349849883311138,14
7524,0.8213885238095241,50,0.6812269999999997,22
7525,0.854298414668665,42,0.7141171985514484,10
7526,0.830760868992119,31,0.7382231113331111,20
7527,0.8362463993228992,33,0.7031393814102566,17
7528,0.8844365353535355,32,0.7383399999999996,10
7530,0.770727032051282,34,0.6763906525974032,11
7531,0.8866354999999992,33,0.716557666666666,14
7532,0.8337950275280277,33,0.7581017374055683,14
7533,0.8521776439671442,34,0.5509330844155846,9
7534,0.7665566666666668,34,0.8185928333333333,10
7535,0.7531474999999997,34,0.7224391147186148,10
7536,0.859617453130203,46,0.7511790167234725,11
7538,0.8497345524753028,34,0.6871208737373735,10
7539,0.8010944317626819,32,0.7887281477272728,10
7540,0.8727200110722613,33,0.747877425810301,10
7541,0.8382996107503604,35,0.7310413432123427,10
7542,0.890185298229548,33,0.7187353825757576,12
7543,0.9030408802308805,33,0.7921199999999996,12
7544,0.8042107610722609,34,0.7513267175504236,11
7545,0.798128113053613,33,0.7546652183274241,13
7546,0.8023153615551115,34,0.6828128479437232,14
7548,0.8350967415084916,38,0.7148180484695043,9
7549,0.8326461664169165,34,0.6520441549741105,13
7550,0.88920972044622,56,0.8557261256798764,21
7552,0.7903024752747253,32,0.6673641939865689,16
7554,0.8417242085414582,51,0.8044159393841451,24
7555,0.8458594664779666,55,0.7019685175698486,13
7556,0.8691352733377735,33,0.5969390027888777,19
7558,0.8468589174159173,33,0.7834320676406928,16
7560,0.8319072838550341,33,0.7780433147448953,12
7562,0.8163858666056174,33,0.7133404166666678,10
7563,0.7824225649350648,32,0.7315671309523815,16
7565,0.9290717391219893,34,0.8504776869241875,10
7566,0.8477447756410252,34,0.7994652191142191,13
7567,0.8185670482295486,32,0.7410515259087318,12
7568,0.8601475273615276,34,0.7508744838078586,13
7569,0.8908704141414144,43,0.8355456237373737,10
7571,0.8709969747197248,32,0.8254802834844898,11
7572,0.8317528323343324,34,0.7103657533300036,11
7573,0.8846191098068598,37,0.8600190555555558,11
7574,0.8355338653846154,36,0.7240683820346322,12
7575,0.8340465275280278,34,0.7236390524100084,14
7576,0.8780810000000001,33,0.8293660714285717,12
7578,0.8132312110667111,47,0.7076278717948722,11
7579,0.8346395301920303,33,0.752109216089466,15
7580,0.8999262322677319,33,0.6541502121212126,17
7581,0.8417676332833834,33,0.8667979026806526,14
7582,0.8779686005938504,34,0.7668746302072112,10
7584,0.8439143845598843,34,0.7833705413891665,10
7585,0.8878429327616826,41,0.7125057954545452,16
7587,0.8397091475746475,33,0.6768610146242642,16
7588,0.7412177936507942,76,0.7900024343434344,16
7589,0.8729754329281829,35,0.7126098214285714,11
7590,0.8432571718281717,58,0.7667183865897172,13
7591,0.8460934473304466,34,0.7054493430735931,10
7592,0.7474958333333336,33,0.8602983333333342,11
7593,0.8963043333333336,33,0.7571894999999997,15
7596,0.8335551682484188,33,0.694096166666667,12
7597,0.8495254213009216,33,0.7663848564768567,11
7598,0.8489268772893769,32,0.853391795454546,11
7599,0.8294908888888897,32,0.6877520000000004,14
7600,0.8646282862970363,34,0.7038428710317466,9
7602,0.7964804163059164,33,0.6440133451964701,10
7603,0.8226058653846156,34,0.6183066666666662,24
7604,0.8198124764957267,42,0.681821518093018,10
7605,0.8662515362415363,39,0.6693501423478482,11
7606,0.8380923668831173,34,0.5987889848484853,10
7607,0.890406434287934,33,0.8214286391108893,12
7608,0.8417070357142861,36,0.7516850000000005,12
7609,0.7819978081640585,33,0.7075620606060614,16
7610,0.8627886187146193,66,0.7394362504162505,15
7611,0.8555491592574092,33,0.6843551468253969,20
7612,0.8460391119713623,35,0.7607871694694198,16
7613,0.8265950277777777,32,0.8066173972693977,10
7614,0.8214640631313134,32,0.7980524128134939,11
7615,0.8696943916361419,33,0.7422236201617011,12
7616,0.9273115077422578,33,0.8263601483238981,10
7617,0.867354491147741,32,0.7591147348484851,18
7618,0.8748730608280608,34,0.49807348484848446,11
7619,0.8501493824786326,34,0.727769863095238,11
7621,0.9125562539682542,33,0.8004870000000008,12
7624,0.8106530769230773,33,0.6293450000000004,20
7625,0.9327734880952382,34,0.8557508006993005,10
7626,0.8847206061438564,33,0.7578474114219119,12
7627,0.8179820197857701,35,0.8030991944444449,17
7628,0.8396545656843156,34,0.717548095016095,12
7629,0.7789726204351206,70,0.6996887207694265,12
7631,0.8618760297202797,33,0.7620146536796534,10
7632,0.8276794758297258,33,0.7551383605838609,15
7633,0.8769075516705523,32,0.8351146645021648,16
7634,0.8388485095182596,44,0.72592393452381,12
7635,0.7631473333333334,33,0.8051270357975353,12
7636,0.8104264563492061,32,0.8269550311077812,10
7637,0.7704444884004883,34,0.6777532835497834,15
7638,0.8569072350149851,34,0.6923180845029154,13
7640,0.859617453130203,34,0.7511790167234725,13
7641,0.8505362012987012,34,0.7416800086898399,17
7642,0.846351740786991,39,0.7711349313186814,10
7643,0.8351003333333332,34,0.7195315000000003,10
7644,0.8813966124153629,44,0.7331074430014434,9
7646,0.7833333639971138,43,0.7162187904040407,10
7647,0.7822333333333331,32,0.8506276893939391,13
7648,0.8364344164169165,44,0.7573647244185555,10
7649,0.8539569999445003,34,0.769880733003108,11
7650,0.8579995549450551,31,0.78692343051393,12
7651,0.831542513958264,33,0.7899566096264847,10
7652,0.8513680883560881,33,0.6659684715562212,18
7654,0.7421700573038073,34,0.8319449531342841,9
7655,0.8071601840659338,33,0.7764860512820511,11
7656,0.8496546894216892,34,0.7615920826673327,13
7657,0.8682849999999993,46,0.8403345000000005,10
7659,0.8890670439560446,31,0.8247546666666671,11
7660,0.8399150000000003,33,0.7629383636363641,12
7661,0.8518239044289045,35,0.7444652258060568,13
7662,0.8519643958263953,34,0.7268890515873015,10
7664,0.8328843913863918,32,0.7911369165597474,10
7665,0.8597424698634691,33,0.7596591557609059,10
7667,0.8320323097458093,38,0.7687007082264136,12
7669,0.772188898046398,33,0.6463689695998447,12
7670,0.833353356060606,34,0.7170210061882559,10
7671,0.8233439003774008,33,0.7420284807692308,9
7672,0.8293076100566098,68,0.5691428739495802,15
7673,0.7939083982683981,35,0.6850082738095241,11
7674,0.8350862016039519,33,0.7399339039432792,10
7675,0.781967583333333,38,0.7311489999999999,12
7676,0.866217164030414,34,0.7987156210635772,17
7677,0.8895947820512825,33,0.8314478616840675,11
7678,0.7975231325618821,34,0.6375168546176044,10
7679,0.8605663687701193,33,0.7921596340922151,10
7680,0.8201609346764349,32,0.6245741234598732,13
7681,0.8422029616494617,34,0.7501526441377245,10
7682,0.7257647222222225,33,0.8224838888888891,12
7683,0.8662411082251081,36,0.815550763347763,11
7686,0.8460953069985571,33,0.7501551031746034,11
7687,0.8889779999999994,36,0.7148009999999994,13
7688,0.8889042857142853,33,0.8581780769230772,12
7689,0.8139357847985348,33,0.6623054816156062,12
7690,0.8035320279997777,33,0.7630328077518886,19
7691,0.7830921428571426,32,0.8646750000000003,14
7692,0.8640289790209787,34,0.762057618867244,11
7694,0.8165291919191913,34,0.8260718972693979,12
7696,0.7778075501443001,33,0.6868066553030309,14
7697,0.863099831557332,34,0.7340437499999998,11
7698,0.7776433336385833,50,0.7712678482905981,15
7699,0.8615828503996006,34,0.7886247659701412,11
7701,0.7935865555555551,90,0.707114939393939,10
7702,0.8876650029137525,33,0.7233319471819033,14
7703,0.8034355000000002,51,0.8306720326797383,12
7704,0.850195802669553,33,0.6552109340659337,9
7705,0.8519472030747032,32,0.784567565698191,17
7706,0.8608700071595072,33,0.8374754856254859,12
7707,0.8601896231268735,34,0.7677893530774783,11
7710,0.8957861666666668,31,0.8125633238052796,17
7711,0.8338168144355643,46,0.7989880469391722,14
7713,0.8843223111055611,33,0.7844849716394716,17
7714,0.8750699999999992,34,0.8020500000000004,12
7715,0.840454712953713,33,0.6613937233779289,12
7716,0.8232397327949823,44,0.8253284922299925,10
7717,0.8838770512265516,32,0.8447875000000006,13
7718,0.8444325414307917,33,0.734619395104895,10
7719,0.8290497742535243,33,0.6954024528249532,11
7720,0.82275486002886,33,0.7415482121212122,13
7721,0.7743900476190473,41,0.8078520992895993,17
7722,0.8307737233877238,34,0.7363096309523809,16
7723,0.843477588050838,33,0.5397461717171721,17
7724,0.84144868009768,33,0.6709832142857145,10
7725,0.8730736668886666,34,0.6737912121212116,12
7726,0.86860851984127,43,0.6514612500000007,9
7728,0.806289726190476,34,0.5607346666666662,14
7729,0.849845691142191,48,0.7971855518966332,11
7731,0.8774412226107229,33,0.7281546225065787,11
7732,0.8028536540404039,33,0.7263974570707066,10
7736,0.8573777861027863,33,0.8033222622655125,12
7737,0.8563904329281834,33,0.732885981633563,12
7738,0.8463388088300587,35,0.7707619245199245,9
7739,0.8715006363081365,34,0.8112940468004219,12
7740,0.8318605093240093,33,0.8182516666666669,11
7741,0.8477839413086913,31,0.7808660984015985,13
7742,0.8538332500000003,34,0.8284766666666665,9
7743,0.8512720847763343,34,0.6523518131313126,10
7745,0.9062323531746028,34,0.8299195833333335,12
7746,0.8323016153846153,33,0.7843848510101007,9
7748,0.8453095436507932,50,0.7753854883906947,15
7749,0.8548847190864689,34,0.8056421371585933,12
7751,0.8701204999999994,33,0.7732043333333328,15
7752,0.872642921939172,33,0.5140311893939389,13
7753,0.8816035884115883,38,0.7030576287878786,10
7754,0.8276652450327444,33,0.7614451235431235,10
7756,0.8353300000000001,42,0.5812333333333336,11
7757,0.9222613459595956,34,0.7711568344988348,13
7758,0.8417499523809526,37,0.7903807229437227,14
7759,0.841990004051504,33,0.8002846769064271,13
7760,0.8756704755522254,33,0.8898471250000008,11
7761,0.844184465811966,33,0.6508273699397016,24
7762,0.8162005643800643,34,0.5443916515151515,15
7763,0.8282035568043069,33,0.7887660639817698,10
7769,0.8467648629426135,33,0.7603121727063786,10
7770,0.8322345964868465,38,0.7462601246808747,9
7771,0.7703117286602286,30,0.750117948010323,10
7772,0.8557002042124541,34,0.7508494252316311,15
7773,0.8550694632867132,34,0.6754765238233992,11
7774,0.8669014426684427,34,0.7438465594405592,10
7775,0.8857468931623932,38,0.8763075000000008,11
7777,0.8874949539072041,32,0.8209316192141194,11
7780,0.83560515961816,41,0.7671919783868093,12
7782,0.7676223863636362,34,0.7296226681929187,19
7783,0.8753545798090799,44,0.5855601327561323,11
7784,0.8247891715229214,34,0.7037580985680983,12
7785,0.8596359745254746,33,0.8070037012987005,10
7786,0.90583594047619,32,0.7572633333333337,9
7787,0.8312808571428575,33,0.6064399999999995,15
7788,0.8540544368131868,31,0.6476731904761901,10
7789,0.853673120795871,34,0.7170506679847928,10
7792,0.8142841083083587,34,0.7573041767023825,10
7793,0.840940215367965,51,0.6118505769230763,13
7795,0.8908906589521584,33,0.5099068888888885,12
7799,0.8518371335608834,33,0.745303016862223,10
7800,0.830318666056166,33,0.7195221216144965,16
7801,0.8246140808080813,40,0.7736712912087914,12
7802,0.8540163334165828,33,0.8019878658326967,10
7803,0.843195441142191,34,0.7770572294372298,10
7804,0.8162164714452212,34,0.803437241536242,11
7805,0.8063963961038961,32,0.6976316165778669,10
7806,0.837454446719947,32,0.7682508680902431,11
7807,0.8067826851481851,33,0.7400231184093687,11
7808,0.8539669700577198,34,0.7483363528456843,15
7809,0.8761344420579427,32,0.764323295454545,17
7811,0.8389431641414136,35,0.6661406677489178,10
7812,0.8423541698579199,52,0.8467899113386617,11
7813,0.7753436269841267,33,0.7947930332722835,14
7815,0.7826379686979683,32,0.7341756374458879,14
7816,0.7686393333333333,54,0.7940110848595839,12
7817,0.765990678571428,33,0.8224818522727274,15
7818,0.837210440198691,40,0.6431701362387611,12
7819,0.8761344420579427,32,0.764323295454545,16
7820,0.7697286666666666,44,0.667952166666667,15
7821,0.8586360095182596,30,0.7778887690544748,13
7822,0.779312920634921,33,0.6622440769230767,10
7823,0.8738499999999992,33,0.7938600000000002,14
7824,0.9009262911255408,32,0.608005714285714,9
7825,0.8740326394993897,34,0.7942640177600175,14
7826,0.8607941173271176,33,0.8016721565656566,10
7828,0.8410512521645025,32,0.7883860185786437,13
7830,0.8444237064324563,33,0.7140456701492954,13
7831,0.8725120357142854,32,0.7708743333333337,10
7832,0.8885846993561992,34,0.8085554958415768,13
7833,0.8742025871628374,31,0.7599682550407111,14
7834,0.8708811044788544,34,0.8275278364413368,11
7835,0.8565302814685322,34,0.7846337861305358,9
7837,0.8123516681096686,33,0.6439914376734379,12
7838,0.7862365952380952,34,0.758036101731602,10
7839,0.8045758333333337,33,0.8181407142857143,10
7840,0.7975872941780446,35,0.7784225568875572,10
7841,0.8614071669719165,49,0.7212004870129871,14
7842,0.8191009635919636,34,0.7888591543040291,12
7844,0.8688792803862806,30,0.7559128641538199,14
7846,0.7699058518148517,34,0.7429035659201909,9
7848,0.8649897500000004,33,0.8205263269230769,10
7849,0.8423546713009215,33,0.7545633538446846,10
7851,0.8539367023809527,32,0.7413002417582419,10
7852,0.8157972846320348,31,0.6475231991341991,10
7853,0.7916833968253968,40,0.6957233955391011,10
7854,0.8523588244810747,32,0.7723166371822622,12
7856,0.8349496664169165,33,0.7581017374055683,11
7858,0.7731622099567099,55,0.8549825000000005,10
7861,0.8961980000000004,33,0.6792041666666664,16
7862,0.8131090000000007,38,0.6218554999999995,9
7863,0.8420077366522372,50,0.7578410008602506,12
7865,0.8744815028860028,32,0.7886966581196588,10
7867,0.8646404841269838,33,0.6681409681054241,13
7868,0.7443573106060605,33,0.7539480454545455,13
7869,0.8660575583028084,33,0.6939612306027303,12
7872,0.8588991089188588,37,0.8141146789321791,10
7873,0.7608778639971139,47,0.7209100229076477,12
7874,0.8070017042124544,32,0.8040582931235433,12
7875,0.8902008694083696,33,0.8447396190476191,10
7878,0.7921262456709962,34,0.5306005882352944,10
7879,0.8454172105394611,33,0.7082349667456728,9
7880,0.8878767943722943,48,0.7473687244699743,19
7883,0.7786878142413144,34,0.7546040957792212,12
7884,0.8583894688644692,34,0.7437820245726501,11
7885,0.8681006931401931,41,0.7299578557733115,10
7886,0.8573303842268841,34,0.7189301464646463,11
7887,0.9114716666666669,34,0.8068428441558444,9
7888,0.8880088810356314,33,0.7878988477633481,10
7889,0.8803108333333323,34,0.7165493333333327,15
7890,0.8091104722222223,34,0.698150586663336,14
7891,0.7744905043567545,34,0.712416043692419,10
7892,0.931233333333334,39,0.8212332272727276,12
7893,0.8776231321178826,32,0.7910335269730275,12
7894,0.8691744018759018,33,0.735472366883117,15
7895,0.8477397002442004,32,0.8085515725940726,10
7896,0.7674134115606615,71,0.753110113085444,33
7897,0.7826458333333336,33,0.8089140238095238,10
7898,0.8730721269841273,35,0.7640811309523811,10
7899,0.8030372884060384,33,0.7693638182136492,11
7901,0.79909,31,0.7420339772727275,28
7902,0.8000890662393162,33,0.8537879450549455,11
7903,0.7647452801087796,34,0.7609553151472709,11
7904,0.848579138888889,33,0.6887507866161617,10
7906,0.8384816323676327,33,0.768413138421219,11
7907,0.8254925,34,0.7612759527972028,15
7908,0.8802167824952825,51,0.772328389846265,12
7909,0.8485037218892221,32,0.7961704221334223,11
7910,0.8384340512543015,34,0.7676568452699262,17
7912,0.8391832497502498,31,0.7107635278749029,11
7913,0.7812748059163058,32,0.8400858333333332,11
7915,0.8441036099178604,34,0.7019034836593145,13
7916,0.8576309142246638,33,0.8039773873805932,13
7917,0.8424411493506488,33,0.8015664377566877,11
7918,0.7816202579365076,34,0.574505555555556,10
7919,0.817785666666667,32,0.7897939821746884,11
7920,0.8783261602564102,33,0.9275043888888891,19
7921,0.8484149512987014,34,0.6704595287114847,12
7923,0.8193985109890102,33,0.6914815446261264,9
7925,0.8637028220390719,32,0.7562821311188812,14
7926,0.7750599999999994,31,0.8049225000000003,12
7927,0.852685286297037,33,0.7339489696969699,13
7928,0.7334931428571434,33,0.7389211666666671,10
7929,0.8322366783216784,51,0.7225512713813965,10
7930,0.8640224815462311,33,0.6888077824675319,10
7931,0.8797915278610288,33,0.7630429551184111,12
7933,0.8465562124542125,33,0.7274061546133608,11
7935,0.8365769999999999,34,0.7691899999999998,9
7936,0.8218104166666668,32,0.7579237257644317,13
7939,0.8860224209401716,33,0.7199526959429463,13
7940,0.852889361333112,33,0.7087099052059048,15
7941,0.8465739993062497,45,0.7921631341477152,12
7942,0.8984494690032189,38,0.6420525844155841,10
7944,0.8519030632700633,34,0.7680792915597476,12
7945,0.8277860744810739,46,0.7107469825452324,13
7946,0.8371153627761129,33,0.5999493690476195,15
7947,0.8958080833333338,34,0.8707019047619049,11
7948,0.8545120075757581,32,0.6157145454545451,10
7951,0.8813435188422687,32,0.7761550793650794,12
7952,0.8805319980574984,33,0.856815136363637,11
7953,0.8793787063492065,34,0.7892845473733785,25
7954,0.8892320670995677,34,0.7497568382352943,10
7955,0.8781877715895219,33,0.8287887088050845,10
7956,0.8062094739149737,34,0.7654463152958155,13
7957,0.8547088888888891,34,0.7942988333333332,13
7958,0.8694390632978137,33,0.8494878576423578,16
7959,0.8788649814907317,34,0.6785332916666662,10
7961,0.7915993197635696,34,0.8851072078754583,11
7962,0.8370434164169166,33,0.7211833398447961,19
7963,0.8447644926462421,34,0.6906118181818184,12
7964,0.8439829203851703,33,0.7672439105102417,11
7967,0.8532487132867136,33,0.7445005769230768,16
7969,0.9234939775779778,33,0.8906899261294265,12
7970,0.8558620436507942,82,0.778316052988678,24
7972,0.8699151725219226,33,0.8270756851481852,10
7973,0.7923460952380951,33,0.7345265476190477,11
7975,0.8245973011988014,43,0.709702537240537,11
7976,0.9240274444444448,32,0.8086576428571433,9
7977,0.8209322185592188,51,0.8039112433261189,32
7980,0.8401242882395384,47,0.7030326699966695,10
7981,0.862089285714286,59,0.7727903333333335,12
7983,0.8670423383838387,32,0.5922323181818178,16
7984,0.8456457324342327,35,0.7950990475676288,12
7985,0.8500433333333338,34,0.818757,12
7986,0.8788444569597071,33,0.8087214668109663,15
7987,0.8757880491452994,32,0.6183698333333327,18
7988,0.8936047958430461,41,0.8682718929958935,14
7990,0.8220364560162069,33,0.7705364598914157,11
7991,0.8238841666666665,33,0.7643175112665114,10
7992,0.872873889249639,32,0.7845767142857147,10
7993,0.8460953069985571,33,0.7501551031746034,10
7994,0.8347739629259634,32,0.5769358333333333,18
7995,0.8904641428571438,30,0.7389913333333332,22
7996,0.8744480947663448,34,0.7255299161573722,12
7997,0.8196663772893775,50,0.7231017511655012,12
7998,0.872642921939172,48,0.5140311893939389,10
7999,0.8169096393328897,34,0.8156027801365308,17
8000,0.8199968611111115,34,0.7403428269230772,10
8001,0.8187258333333333,54,0.7467012255244753,15
8002,0.8547603837828837,33,0.8053934233405485,12
8004,0.8595338037518038,34,0.6012983031968033,12
8008,0.8892320670995677,33,0.7497568382352943,16
8009,0.8496617465034967,33,0.8102057390844452,11
8010,0.8501443095238098,33,0.7951460366161619,15
8012,0.8560549809634811,39,0.7904153253968258,10
8013,0.8484983653846156,33,0.796358111111111,16
8014,0.8307549264346763,33,0.7603185198828949,10
8015,0.8372173500110999,33,0.8128163091810152,18
8016,0.8191598662448668,34,0.7498086812770566,12
8018,0.8940566333388831,33,0.7211568787878782,12
8019,0.8446163041958039,34,0.7509816959845708,14
8021,0.8393874199134203,35,0.6313308333333326,11
8022,0.8391629439726944,34,0.7261271814574313,9
8023,0.7696189030691527,33,0.6507708669663674,15
8024,0.8273137703685205,55,0.7327925668122726,16
8026,0.8541199026251529,33,0.7070593341519599,15
8027,0.86860851984127,42,0.6514612500000007,9
8028,0.8166267297979799,33,0.7240287389554889,11
8029,0.8680749941169944,32,0.6906881232517488,16
8030,0.8280456190476194,33,0.7725797272727274,11
8032,0.8877691629204127,32,0.8870308333333342,10
8033,0.8705253957431458,59,0.8417174166666672,10
8035,0.8541795550560548,34,0.7380435600967661,18
8036,0.8365340592740593,32,0.7176275665902725,11
8037,0.8253113117160619,59,0.9063772622655125,16
8038,0.8308339079531579,33,0.7846447126484628,15
8040,0.8402041848151849,33,0.8826113173950227,18
8041,0.8717345173160167,32,0.7498598269230767,18
8042,0.8223523274225779,32,0.7391623907105973,12
8043,0.8679831547064047,34,0.7069920962787211,11
8044,0.7986670000000003,33,0.711137500000001,13
8045,0.8043003381618382,32,0.766687863913864,17
8047,0.9075861428571431,32,0.8777752857142859,11
8048,0.8180160465367965,33,0.8105735037878788,18
8049,0.881948194666445,33,0.760921472860473,13
8050,0.8613950876068376,32,0.7031641515151515,10
8051,0.7820018628593627,33,0.6579300119463869,13
8052,0.905217142857143,33,0.8463152857142853,11
8054,0.8097396153846155,32,0.6920695057720061,10
8056,0.8777389648962155,37,0.6911101194916202,13
8057,0.9271988888888884,34,0.8988958333333334,15
8058,0.8327263111888112,62,0.7431443181818181,24
8059,0.9039004487179488,33,0.8218830562770562,12
8060,0.8383427259407261,57,0.7620446984265736,17
8061,0.8098916376678875,38,0.7367475846277906,11
8062,0.7806691190476194,33,0.5593420454545448,13
8063,0.7985849469696972,79,0.8760103191710253,19
8064,0.8180078535353537,33,0.6126949999999999,10
8065,0.8639008005883007,33,0.8287567843031154,11
8066,0.8388819164169165,41,0.7423164345417657,12
8067,0.8871802433677429,32,0.792469168192918,11
8068,0.7912839186369183,33,0.6883291253607507,10
8069,0.8559362720335223,34,0.7871486374222185,11
8071,0.7645711363636366,33,0.6705733333333336,10
8072,0.7839334104784104,55,0.7324316536657781,35
8073,0.8670681207958704,32,0.7310917081529581,13
8074,0.8382004700854705,32,0.7539371915584422,17
8075,0.7286150000000005,33,0.7918983333333337,13
8076,0.8611420782828282,52,0.7281030555555558,12
8077,0.8247586153846155,33,0.6845420238095243,10
8078,0.8566278392718393,33,0.7528386908687718,17
8079,0.8215057874625376,35,0.7815438238150739,10
8080,0.8698522301587304,34,0.7073486595071599,10
8081,0.8732717757797762,32,0.7516157349635662,11
8082,0.8594881177156178,34,0.7959868344890405,16
8084,0.7901810909090906,34,0.7105209999999998,14
8085,0.8448377407314905,33,0.7968507731851485,10
8086,0.9062428535353538,50,0.8519552857142858,15
8087,0.8479559529914529,33,0.7754106752830505,11
8088,0.8608196777111782,33,0.706331608312439,11
8089,0.8533561613664113,33,0.8040207561090871,10
8090,0.8586731825674324,32,0.7658296684704184,12
8091,0.8550364820734819,34,0.8106486067682325,12
8092,0.8100423423520927,33,0.7252813181818186,14
8095,0.8761389551282054,34,0.6967616666666663,10
8096,0.871913697219448,32,0.7784682810563619,14
8097,0.8495285966810974,42,0.7830892205017207,13
8098,0.850358617909868,34,0.749998688394938,11
8100,0.8434240253635256,33,0.7651982067417877,10
8101,0.7131769949494943,97,0.779683056184012,34
8102,0.8578909247696747,32,0.8330102868797867,10
8103,0.7943749999999998,33,0.6433199999999999,10
8104,0.8297655173160174,33,0.7278167779344841,11
8105,0.8770577297979801,34,0.619640832695083,16
8108,0.8323002374847381,32,0.836240640567766,10
8109,0.8444237064324563,86,0.7140456701492954,22
8110,0.8356429713897215,33,0.7662707592962593,13
8111,0.8649057489454985,34,0.7193488624986125,13
8112,0.8236174999999996,33,0.7347016666666661,10
8113,0.7724036507381506,35,0.7631702999957564,10
8114,0.796554501748252,32,0.7127015120198432,16
8115,0.8652106534021544,33,0.7390079095071598,11
8118,0.8301233016150514,34,0.8198029321373077,13
8120,0.8340827881285382,33,0.7168334651361709,11
8121,0.8320660913530912,32,0.7299212028249528,16
8122,0.8398832227217227,34,0.7382261763138824,12
8123,0.7536026666666668,30,0.8536592023809524,9
8124,0.858418273809524,32,0.7408490025252524,10
8126,0.7866510909090907,33,0.7630270952380953,12
8127,0.8260725399877896,33,0.6705472463508713,13
8128,0.8614071635031635,33,0.741700626137751,15
8131,0.8131090000000007,34,0.6218554999999995,11
8132,0.8491774927294928,51,0.8064305169136421,13
8134,0.8318994648962154,33,0.7366442158160469,13
8136,0.8983291136363643,35,0.7984754800934363,10
8137,0.8463640833333329,33,0.8514453690476188,15
8138,0.8624582282439783,33,0.7845498367922928,13
8140,0.8563526804029302,33,0.7940286763236764,11
8142,0.8394826100566105,33,0.7259530176351429,9
8145,0.830125674908425,33,0.6278266666666662,16
8146,0.6852598459595961,45,0.5843239285714285,17
8147,0.7670039285714282,34,0.6830180606060609,13
8149,0.9038912811355313,34,0.8455903357614609,10
8150,0.7864848109668112,34,0.7544586644784955,17
8151,0.8994440901320898,33,0.778831591398797,11
8152,0.8540279999999995,45,0.7021609999999993,22
8153,0.7597347424242422,33,0.7773723189033186,10
8155,0.7854501153846155,65,0.7005025000000002,10
8156,0.861754694472195,34,0.7210054674394233,11
8157,0.8284652321289826,31,0.7638994827672332,13
8158,0.8761239448884451,33,0.825371144799645,10
8159,0.8624216973487074,34,0.7614379568188956,11
8161,0.8493441906426908,35,0.7283663098290603,12
8162,0.8476164867354865,33,0.690414138694639,10
8163,0.8785299999999994,32,0.7974300000000004,22
8165,0.8462662193639697,36,0.8535898262570768,10
8166,0.7334931428571434,33,0.7389211666666671,11
8167,0.8515720224775226,34,0.8033562788363597,10
8168,0.8194365614663114,54,0.5667520627705633,16
8169,0.8465432279387274,33,0.79000229909388,12
8170,0.8383427259407261,33,0.7620446984265736,9
8171,0.8677681522089021,33,0.6633254623432127,9
8172,0.8830590833333336,34,0.6752356666666666,16
8174,0.8651087500000005,33,0.8753572041847046,13
8175,0.7586099999999998,50,0.6912735764790767,29
8178,0.848732977716728,33,0.681537491790073,28
8179,0.8380191674991673,38,0.8184514514374515,14
8180,0.8386122557997558,33,0.7626877091976654,14
8181,0.8306522221667226,33,0.6205937607572166,10
8182,0.9139992420634921,33,0.8019785714285719,11
8184,0.931233333333334,34,0.8212332272727276,9
8185,0.8502375631313136,34,0.8331660203546458,10
8186,0.830241017399268,34,0.7931467270507275,10
8187,0.8295261091131089,52,0.7343411907120657,10
8188,0.8153741666666666,34,0.7220386904761906,13
8189,0.9001892153679653,33,0.8334239459706961,9
8190,0.8808382424519928,33,0.7123832017149521,12
8191,0.8365369010989009,45,0.7074644267676768,20
8192,0.8448124087024088,32,0.7829490213161021,10
8193,0.8085591321456319,53,0.7428936714853777,10
8194,0.8529509154456656,33,0.6888694956709958,16
8195,0.8396335430402931,33,0.7747801562604066,24
8196,0.8349975000000001,55,0.6712049999999999,16
8197,0.8437837404262402,43,0.8369963891010951,11
8198,0.8619792759185265,33,0.7328688142037705,9
8199,0.8604799579587079,33,0.8029392645132646,11
8200,0.7978995649350642,77,0.7997706908687721,18
8201,0.85877325,55,0.5947608333333329,13
8202,0.8295686648074146,34,0.7419594698536754,14
8205,0.849077402985903,33,0.7118491716241272,11
8206,0.833999294483295,32,0.8314962229437232,11
8207,0.9007701627816624,32,0.9083172777777782,12
8208,0.8517345786713288,37,0.7686021252122062,11
8209,0.8732817327672335,34,0.7368614696969701,16
8210,0.8863183244810746,34,0.7296274323593077,11
8211,0.7943172316017315,34,0.8773991466768528,12
8214,0.8543820542790544,32,0.7402253505563066,14
8215,0.8208368875291374,33,0.7825537079864582,13
8216,0.740555000000001,34,0.4916186047008542,11
8217,0.7586839285714281,33,0.7257980606060604,11
8218,0.8952850049950044,33,0.8296548070818072,10
8219,0.8187187619047619,43,0.7675794383671883,10
8220,0.8121250238095243,33,0.6768122857142856,14
8221,0.8347487800532802,52,0.7549640161268469,11
8222,0.8388818747641248,34,0.7484995083527582,12
8224,0.8136247141469635,34,0.7617789246586743,11
8225,0.7978995649350642,33,0.7997706908687721,13
8226,0.8565417979242979,32,0.684669902597403,13
8227,0.8307995208125211,33,0.7321991574161134,10
8228,0.884937825341326,35,0.863281904761905,14
8229,0.8293076100566098,34,0.5691428739495802,14
8230,0.8355667425907417,33,0.6179644279331782,14
8231,0.8675625094627597,34,0.8887645454545461,11
8233,0.8803645912698416,34,0.715971607142857,11
8234,0.8508777988677987,31,0.7437954960456213,10
8235,0.8454704772727272,32,0.798391905178155,11
8236,0.7690983324175822,35,0.7118378694916199,15
8238,0.8565142619047615,33,0.8539730000000005,12
8239,0.8754829877622383,32,0.8501023538030599,13
8240,0.8721961182706182,43,0.7947200866910875,11
8241,0.8223284769397261,50,0.7870156560979873,19
8243,0.8442980104340105,34,0.7610348564531875,13
8245,0.9133241234043732,34,0.718811602688978,11
8246,0.7644656428571426,34,0.6333144999999998,9
8247,0.8009908333333329,31,0.9410971428571431,10
8249,0.8493883407980909,33,0.751895262852344,11
8251,0.8983511602564098,34,0.7377179999999997,9
8252,0.8539680476190474,35,0.7736108333333332,11
8253,0.7898476190476189,45,0.6857182738095241,12
8254,0.8353182322677318,33,0.7508651415528916,9
8256,0.8614335694444445,33,0.79336,13
8259,0.8276612847152844,34,0.809154097018178,9
8260,0.8167531045621051,33,0.7190380570818075,9
8261,0.8332241666666665,33,0.8010702976190476,12
8263,0.8624831131646132,33,0.7197853622806933,14
8265,0.7835219999999994,33,0.7487679340659342,11
8266,0.8582162417027419,31,0.7673504950645759,13
8267,0.7991515238095239,34,0.7051422791277353,14
8268,0.8611884845154849,34,0.6746546089466094,9
8269,0.8350087500000002,42,0.7070275183982688,13
8271,0.8623154095904095,34,0.8066560196470202,10
8272,0.8393579444444447,37,0.8266395538073035,13
8274,0.8505042584637589,34,0.7112480066600066,13
8275,0.8222507096237096,30,0.7542178836580092,12
8276,0.8447554532689537,33,0.7493862996766307,17
8277,0.8670258611111115,33,0.7461691483793979,15
8279,0.8591281945554452,33,0.7718564364108115,13
8280,0.8244964902597404,33,0.6241003333333335,11
8282,0.9031271309523811,48,0.6139367406759905,16
8283,0.9070103690476188,33,0.7381027499999998,10
8284,0.8179616911421913,34,0.7969705555555561,12
8286,0.8048168669663671,33,0.6789876638222891,10
8287,0.8155002994505487,42,0.8751108870198433,10
8288,0.8686670985680979,32,0.8491088694638698,18
8289,0.8551872449494955,33,0.3685480000000003,13
8290,0.8174898046398047,49,0.7185669236457991,12
8291,0.7580509385614386,34,0.6225646725219229,11
8292,0.7921051017316018,34,0.6221895176767674,10
8293,0.8701204999999994,33,0.7732043333333328,13
8294,0.8199836399711401,34,0.8016469047619045,18
8295,0.8539403810911311,31,0.6881857446719944,17
8296,0.8049960909090905,34,0.7034046666666666,12
8297,0.8327403552836052,32,0.7759076653624155,13
8299,0.8155294928127428,33,0.7882197368464875,14
8300,0.8163943553668557,33,0.7688885962134272,13
8301,0.901827404761905,39,0.8472588333333333,10
8303,0.8570250884115888,33,0.7234583932733932,12
8304,0.8311221406371407,33,0.7516393865856361,13
8305,0.8778221078921081,32,0.871413333333334,14
8306,0.8333069285714282,35,0.6391439015151521,10
8308,0.8599394444444437,33,0.7754425869963363,16
8309,0.8414147293262295,33,0.6462001138167386,10
8310,0.8081637500000002,33,0.6766399999999996,12
8311,0.9204320910755912,32,0.8495762708582265,10
8313,0.7846022619047615,33,0.591395833333333,10
8314,0.8818637129814637,33,0.7250151690433749,21
8316,0.8439772522755022,42,0.7714191181596186,11
8317,0.8988894424464422,40,0.8066131581792391,13
8318,0.8492443740981243,32,0.7035081893939389,17
8319,0.8482191518759015,33,0.6114930769230763,10
8322,0.8785299999999994,38,0.7974300000000004,14
8323,0.8733519935897434,60,0.7656759866424426,25
8324,0.8724903734598736,32,0.8550424701964707,19
8325,0.8269218676878671,33,0.7450999999999998,9
8326,0.895432251304251,34,0.7627737597402602,9
8327,0.8601896231268735,33,0.7677893530774783,11
8328,0.8123516681096686,34,0.6439914376734379,11
8329,0.8415046557331557,34,0.7973851433566438,23
8330,0.8438962314907316,32,0.7942357526640025,12
8331,0.8815993495115994,34,0.8437377619047622,16
8333,0.7624433333333331,34,0.780077083333333,10
8334,0.8683786013431015,33,0.8929318701298707,12
8335,0.8409234841269843,33,0.7106604095071599,11
8336,0.8396422979797982,33,0.697438076923077,10
8337,0.853112526279276,34,0.5283683333333333,10
8338,0.844100897130647,33,0.6690527121212122,10
8339,0.8457459878454877,34,0.7918038580447332,11
8341,0.8757951406371408,33,0.739607503108003,11
8344,0.8679594949494955,31,0.9019650000000001,12
8345,0.7647539285714282,33,0.7631023939393938,11
8346,0.8303570357142857,34,0.624855796231547,12
8347,0.8592260298312798,34,0.7217703391926703,9
8348,0.8003178174603175,37,0.5604,14
8349,0.9094961060606052,33,0.7174109999999994,10
8350,0.8744989722222221,41,0.8067838169191915,14
8351,0.872489711038961,33,0.7645390000000001,13
8352,0.8962652474192477,33,0.8338277897657901,13
8353,0.8723047005217006,46,0.793649189171939,12
8354,0.865057722610723,34,0.760035819042069,10
8355,0.8187741732434236,34,0.7714902712842714,11
8356,0.8097396153846155,31,0.6920695057720061,10
8357,0.768402832029082,33,0.7255454642857145,12
8358,0.8697504999999994,31,0.7742376666666663,11
8359,0.83068024975025,33,0.609282752247752,11
8360,0.8797070466200471,34,0.7756838179777737,12
8361,0.9319221056998558,32,0.781158641432097,16
8363,0.8802673119103116,33,0.746740075757576,11
8364,0.8535722907647911,35,0.7410357738095241,16
8365,0.8851535141802644,34,0.7814698181818182,14
8366,0.8383427259407261,34,0.7620446984265736,12
8367,0.8744039642857147,33,0.7086411060606064,11
8368,0.8872054751914753,51,0.8697989658119666,13
8369,0.9094612417027425,32,0.7342016388888892,11
8371,0.8888829972249971,33,0.8613841513527326,15
8374,0.8540907664835169,34,0.8072982713952713,16
8375,0.8394384427239424,43,0.7320962868381621,10
8377,0.8931754404761896,33,0.6941537777777771,14
8378,0.8683139393939395,33,0.8448412916666673,16
8379,0.8727073073038079,39,0.7626454261849261,11
8380,0.9068461428571432,33,0.8782352857142858,11
8381,0.9469600526695521,33,0.7640687676767675,9
8382,0.8383191108613609,33,0.7517163418427977,12
8383,0.8069930476190482,33,0.6971536547619058,10
8384,0.8197108571428576,32,0.6080551010101009,10
8385,0.8327016307581309,33,0.73999588914272,10
8386,0.9235655584415582,36,0.7993000000000005,10
8387,0.8348453473470977,34,0.8029301871045625,12
8389,0.8592164744144744,31,0.7428155478687986,11
8390,0.8121793333333334,33,0.7166966875901875,28
8394,0.9038543625541123,34,0.7961677843863656,19
8395,0.87134087995338,45,0.7672238333333332,22
8396,0.7697286666666666,31,0.667952166666667,9
8397,0.881539213786214,45,0.8124621585081584,10
8398,0.9085087499999994,52,0.6163049999999999,10
8399,0.9075861428571431,37,0.8461432857142859,11
8400,0.8318223897213902,34,0.7471098055555548,10
8401,0.7602721446053947,33,0.7484135130425125,11
8402,0.841874686757687,33,0.7529794390650202,15
8403,0.8508746893939402,33,0.7935234600122102,13
8405,0.8042030213675215,34,0.6415333615273621,11
8406,0.8459886879509382,46,0.7849638585858583,10
8407,0.8263517983682986,33,0.767524604839605,10
8409,0.883983001803752,49,0.8233937052669558,13
8410,0.7607085439560437,43,0.7058618600843606,11
8414,0.8849877777777777,33,0.797030124542124,13
8415,0.825140870879121,31,0.806876337384838,9
8420,0.8144929999999999,32,0.7364687912087912,10
8421,0.8341797500000001,33,0.5976399999999995,12
8422,0.8491774927294928,39,0.8064305169136421,11
8423,0.8410539103396605,34,0.776990115249946,12
8425,0.8626579685037187,34,0.7225753784271285,10
8426,0.8364344164169165,32,0.7581017374055683,11
8427,0.8521138051670549,33,0.8433454792152298,19
8428,0.8797996179098676,34,0.7751995463425466,17
8429,0.7956426943889444,33,0.6365237359307364,14
8430,0.8810787396214894,32,0.7954209142801646,13
8433,0.8634851530969033,33,0.7663227824675317,11
8434,0.870543414585415,33,0.712347510878011,9
8435,0.8387956702186703,33,0.6894243088855583,12
8436,0.8261553571428568,91,0.7235041666666666,21
8437,0.8396416339216344,47,0.7509137186008437,20
8438,0.7962394688644685,32,0.7581949849496908,11
8439,0.8271922658175154,34,0.7530217881007881,10
8441,0.8384795300532801,34,0.7443725880549191,13
8442,0.9003845887445887,35,0.8638337179487182,18
8443,0.8767388286435791,34,0.7426682027972029,12
8444,0.8459808888888891,34,0.6904433333333337,10
8446,0.8564411666666666,36,0.7720447222222228,11
8447,0.8252961287323793,33,0.7740247278277279,11
8448,0.8587197817460321,34,0.7326677579365082,14
8449,0.7718423320290819,33,0.7568605459540463,10
8451,0.8650270978465983,51,0.8019806611207417,11
8452,0.8554537424242428,32,0.8426800000000005,10
8453,0.8596994841269844,34,0.7296716071428577,11
8454,0.8216934444444446,33,0.7892178261738261,13
8455,0.8803607051282053,32,0.799880166666667,11
8456,0.8242586443833946,32,0.6999909348192659,14
8458,0.8419026275113769,33,0.7649858599219408,9
8459,0.7776533729603728,34,0.7867350000000003,9
8461,0.8671689624264625,32,0.7157037709790213,11
8464,0.8230543452380953,34,0.7593800081585077,10
8465,0.8446884783827286,33,0.7623118352342102,11
8466,0.7935129380341881,34,0.5876676060606059,10
8468,0.9177278243145749,34,0.8228654078462391,11
8470,0.7866510909090907,34,0.729570761904762,16
8471,0.8419232746420247,33,0.7223025372405371,12
8472,0.7889696483516478,33,0.747975480394605,10
8473,0.8044833814796317,33,0.7510723500110998,13
8474,0.8477548948273943,33,0.7442874342046844,14
8475,0.8462150841658339,34,0.5441039376456877,10
8476,0.9132004974747485,33,0.7509450267412332,10
8477,0.8990458459595959,34,0.7305441071428573,11
8478,0.8753955846375843,71,0.7620784484126986,22
8479,0.797677401098901,35,0.8072840661005658,12
8480,0.8744241363081362,40,0.8622595038335845,10
8481,0.8918574559884561,34,0.8018362857142859,20
8482,0.8285847594627601,33,0.6480138673271166,27
8485,0.8900840625763123,51,0.7852544476495728,11
8487,0.8171643547008545,83,0.7216433062770561,22
8488,0.8411527497502499,47,0.7474698377594633,18
8489,0.7852998888888888,34,0.8435517857142857,12
8491,0.8568001631424135,34,0.7853685942847999,11
8492,0.8477895955433458,33,0.690147403679654,11
8493,0.8200232027694532,33,0.7670780577518888,15
8494,0.8820414123376631,33,0.5656279490093238,12
8495,0.8389818211788213,34,0.7478464556595368,14
8496,0.8359302272727274,33,0.7473666666666671,9
8497,0.8327010062992565,34,0.7783579861429422,23
8498,0.7772040530303027,32,0.7238765800865795,15
8499,0.8618206787379283,32,0.7357382674865987,12
8500,0.7968049430846936,34,0.7930781616618671,11
8503,0.8451348121600623,49,0.7469213683677437,18
8504,0.8565072499999999,32,0.6112024999999994,14
8505,0.8252631753524252,34,0.7705232617660122,12
8506,0.8759945453990454,35,0.7538130826991639,12
8507,0.8369463405205907,34,0.5979210173160173,10
8508,0.8843296570651572,34,0.5812699999999995,14
8509,0.8639008005883007,31,0.8287567843031154,15
8510,0.797664027084027,33,0.7530728225287784,14
8512,0.8684006807359309,34,0.6085048907758913,13
8513,0.8532380122655124,33,0.7388713164613167,13
8514,0.8533561613664113,32,0.8040207561090871,10
8515,0.8661782568820071,33,0.775232557886558,13
8516,0.9195149458319455,32,0.7117553282828285,13
8517,0.8713296633644135,50,0.6853025075757583,10
8518,0.8623939539072034,32,0.782005211399712,10
8520,0.8403629059829061,33,0.7676508244435302,14
8521,0.8547673297258293,33,0.8597383181818187,17
8522,0.8746605627150624,33,0.7947200866910875,11
8525,0.8918881197136196,33,0.7384591989440297,15
8526,0.849056806388056,32,0.7406633670496177,11
8529,0.8594431073093568,37,0.6738377069458317,9
8530,0.8927364523809517,33,0.7010684999999995,20
8531,0.8587087159784658,32,0.750260653679654,19
8532,0.7928556666666674,32,0.5080649999999992,11
8535,0.8700755958485961,36,0.735060409632035,12
8538,0.7603942499999999,33,0.6550089456099454,14
8542,0.8567805051337558,55,0.7648631585497837,12
8543,0.7067426093073597,32,0.7252487203254256,20
8544,0.8661782568820071,34,0.775232557886558,10
8545,0.8153578339438343,33,0.77210841894625,10
8546,0.8089007957875457,34,0.7793983397754206,9
8547,0.8725623436563432,33,0.7942758694916189,10
8549,0.8364344164169165,33,0.7618350490938799,11
8550,0.8664997500000002,32,0.816948107142857,12
8551,0.8116140000000002,34,0.7644728214285718,13
8552,0.8257881317848819,33,0.7486324808288118,11
8553,0.7949946691919196,34,0.7021503441558441,10
8554,0.8508777988677987,34,0.7437954960456213,11
8556,0.839535972582973,35,0.8146016954614015,10
8557,0.8568532820512823,34,0.7231232435897438,13
8558,0.7537127194749692,33,0.7246958988829795,10
8560,0.872292277777778,32,0.7460146666666663,11
8561,0.8630673838661338,55,0.7525892383311137,14
8562,0.8075739729437227,33,0.7788415323010323,12
8563,0.8153578339438343,33,0.77210841894625,12
8565,0.8383427259407261,33,0.7620446984265736,12
8566,0.8771693692307687,50,0.6105452380952383,19
8568,0.8351429092574094,34,0.7636677471556221,12
8572,0.83921147022422,32,0.7815085058593365,16
8573,0.8844149543512045,32,0.8443955362137868,10
8575,0.8231003496503497,33,0.7038397579365084,9
8576,0.8303457653180152,49,0.8485163832001333,12
8577,0.8129194487179493,34,0.7081370238095239,9
8578,0.7654460039682536,31,0.748581846764347,14
8579,0.8325370674048174,33,0.8132273996975248,14
8580,0.826149902319903,33,0.6822989908008656,11
8581,0.8662105078810081,35,0.7706768662489475,10
8582,0.8953799091186597,33,0.6836760990259737,10
8583,0.8759940931013435,34,0.808659861822818,11
8584,0.8351897820512822,33,0.7295475739538239,10
8585,0.8786722494172495,34,0.7502503787878783,12
8586,0.8773478787323787,33,0.7409394868881125,12
8587,0.8480274999999999,33,0.8155900000000004,15
8588,0.8227333013930516,34,0.7139684492729489,10
8590,0.885984703601954,33,0.5717033333333335,11
8591,0.7628995357142854,33,0.7254868482808042,11
8592,0.7544864369519366,34,0.708986291920498,15
8593,0.8108413867521372,32,0.7603082111679168,10
8594,0.8376880319680321,34,0.7812763353631662,14
8595,0.7622573333333333,33,0.8014615920745913,12
8596,0.8455130702075704,88,0.8143820717476973,39
8597,0.8573900429570425,32,0.8095523524433085,12
8598,0.8974654166666669,37,0.7177163491410551,10
8600,0.8438063858086362,41,0.7921746086413589,15
8601,0.8227658852258852,57,0.7056758529942282,10
8602,0.8721121590909096,37,0.8109747500000002,10
8603,0.891058997224997,43,0.8615801312992566,11
8604,0.8274657655400158,31,0.7457657426364487,10
8605,0.7609522316017313,35,0.7407959613580867,11
8606,0.7805531666666663,43,0.7184475000000002,15
8607,0.8678081705239209,32,0.7834520640886892,10
8609,0.7975231325618821,37,0.6375168546176044,10
8611,0.7303555555555561,33,0.7997825000000003,12
8613,0.9264598172660672,34,0.8674278582153144,12
8614,0.8685442319902316,48,0.7258631129981129,27
8615,0.8205901997169494,33,0.7691624776889777,13
8616,0.8010765320512818,33,0.5699287334887329,9
8618,0.8031084194971692,33,0.7748555553613058,12
8619,0.7831664696969693,34,0.7527988181818185,9
8621,0.8996157460317455,56,0.8284481388888888,9
8622,0.8823266375291378,31,0.782494355745561,12
8623,0.8587403792596295,36,0.5993756612554109,11
8624,0.8479045524753029,34,0.7156704570707066,14
8625,0.7976434076479078,86,0.6416981083083586,18
8628,0.8362045729825733,33,0.7822544210789212,13
8629,0.8628752242757244,31,0.7123213902070156,10
8630,0.8722395139582639,33,0.8076948867243868,11
8631,0.8022750042735041,85,0.818029694444445,18
8632,0.9009968077478077,33,0.8379768355810857,12
8633,0.7844753030303031,34,0.7417052218614724,11
8635,0.860927107309357,33,0.7357382674865987,14
8636,0.8150525776445778,33,0.7811673599456102,12
8637,0.8113426567321572,33,0.6959742303570614,11
8638,0.8844048311688311,32,0.8687570952380949,9
8640,0.8512587370129875,34,0.8724860000000001,16
8641,0.8335500860805861,33,0.6920295416666664,11
8642,0.9222209285714285,34,0.8489843333333336,11
8643,0.7461573214285714,33,0.8104308253968258,14
8644,0.8537981598124095,33,0.7735465074786323,12
8646,0.8718740119880121,32,0.7521692344779399,10
8647,0.8613427736985239,34,0.788606455710956,10
8648,0.8327755888555888,33,0.7326766010933516,12
8649,0.8894755720113223,35,0.7910599705572204,10
8650,0.8255280217282713,32,0.6867125699480258,16
8652,0.8386764594017093,65,0.7436388498446002,12
8653,0.893510491785992,38,0.7790171268176264,10
8654,0.8391669285714284,32,0.7605825,13
8655,0.83544223015873,34,0.7131565000000003,10
8657,0.8374721633236046,57,0.7706978506819983,17
8658,0.8649940087690092,37,0.8176373273711586,13
8659,0.8486508269230768,33,0.7009091037712293,11
8660,0.8696297172827169,55,0.8540750482989239,10
8661,0.8770241658064161,33,0.7428806547619051,10
8663,0.7953882276334778,32,0.7063535297619051,12
8664,0.92379576978577,33,0.811525483312439,10
8665,0.8169454065101567,34,0.7758963521380581,15
8667,0.8317222594627606,32,0.7632568244533249,11
8668,0.8426401728271731,33,0.8398497283451849,10
8669,0.8291504498557002,32,0.776902319920276,12
8670,0.8030643805916313,33,0.7978961306748807,12
8671,0.7884137500000001,33,0.7017117532467533,13
8672,0.899933888888889,34,0.8021766666666669,10
8673,0.8433802857142859,34,0.7873546666666665,11
8674,0.9517799999999988,48,0.8897839999999999,17
8676,0.9091039206349208,33,0.8532999523809525,20
8677,0.8501847822732819,51,0.7502376497848554,9
8678,0.8345812685647682,33,0.7711811775210085,14
8679,0.850174957903208,34,0.7996922873139934,13
8680,0.8510305306082806,34,0.7753944988524549,14
8683,0.8570955876068378,39,0.7193447094988348,16
8684,0.8185472542735046,33,0.7526051387640138,12
8685,0.7919769819902319,34,0.7622153999056502,13
8687,0.8350096666666667,34,0.6400899999999998,14
8689,0.8823157981462987,34,0.844075468753469,10
8691,0.8753617001609503,32,0.6758401287878786,11
8692,0.847388784437785,33,0.751713522227773,23
8693,0.9324128585303586,33,0.8793803474580977,12
8694,0.8443058874181375,34,0.7868603970792281,18
8695,0.8098672820512821,48,0.721704484848485,14
8696,0.8447931666666668,39,0.6631391666666667,10
8698,0.8835066387778889,33,0.9065173531746035,10
8700,0.8380436153846156,33,0.8014732500000001,16
8701,0.8155957976190479,48,0.7409610681818181,14
8702,0.8332703333333328,33,0.7802029999999998,11
8704,0.8521866194083695,36,0.7759338152860211,9
8705,0.7940833344988346,33,0.7394207395700705,11
8708,0.8493865871073375,32,0.6548420303030299,11
8709,0.8053803333333335,34,0.7100759393939393,10
8710,0.8374213315573316,64,0.7594870286976096,34
8711,0.8479396642246647,33,0.694385884920635,9
8713,0.7841466428016426,64,0.7707624632034634,11
8714,0.8562539722222228,32,0.7326559983904989,9
8717,0.8538181487678989,33,0.8092497370129865,19
8718,0.885568370795871,34,0.7278912428404931,9
8719,0.8276931740481743,34,0.7600674744185558,14
8720,0.8932933585858579,35,0.7437526515151518,12
8722,0.8137391266233766,33,0.8230442760572761,10
8723,0.8394316428571429,33,0.7610746666666666,14
8724,0.849943420940171,32,0.6708732777777778,15
8725,0.8512977731157736,33,0.7395790843323344,13
8726,0.7422799999999996,33,0.6813347626262626,15
8727,0.8862779145299148,50,0.8717645000000002,13
8729,0.8435918414918406,48,0.7088341168414926,14
8730,0.8425829080364085,45,0.8026443749583752,10
8731,0.8976049580974581,34,0.8024024240620494,10
8732,0.8005990342712844,34,0.7825513464076773,11
8733,0.8348410832223331,35,0.6954047133422133,10
8734,0.8365552499999995,41,0.7804343958818959,10
8735,0.8605703263680767,33,0.8001823698384954,13
8736,0.8739785653790659,34,0.7801190308580306,13
8738,0.8719308468475967,34,0.8043013404234657,11
8739,0.8713545265012766,33,0.7495388230380736,13
8740,0.8090236428571432,31,0.7244305476190483,10
8741,0.8729509135031641,33,0.7475010032369593,17
8742,0.843512013791764,34,0.7389332464243271,15
8743,0.898417142857143,33,0.8653252857142859,11
8744,0.8636608621933619,35,0.7989760911767967,12
8746,0.8548048963536465,33,0.6893997691752694,10
8748,0.86553703982129,43,0.6473441905594411,10
8749,0.8854061952491951,33,0.8121508925518929,14
8750,0.8878521378066381,34,0.6877265390442895,11
8751,0.8631460313575313,34,0.7880672336274838,10
8752,0.8099449324009323,34,0.6462773593906103,10
8753,0.7867553333333333,34,0.8334575000000006,10
8754,0.8237879004329006,33,0.6227120000000002,12
8755,0.8546598222610722,88,0.732237016362722,39
8756,0.7579610952380952,32,0.7483579696969693,10
8757,0.8358153241758237,33,0.674488003968254,12
8758,0.8236467727272729,33,0.7930112619047622,14
8759,0.8584815481462985,32,0.7357982121212117,9
8760,0.8439186883949386,33,0.7231421511544011,12
8762,0.8652449999999997,31,0.8231423333333341,10
8763,0.8369304642302141,33,0.7885551427600177,15
8764,0.7947721237651239,34,0.7288086802364303,14
8765,0.8449979116994121,34,0.7619728149350649,15
8766,0.8515005133200126,32,0.7802393068916378,10
8768,0.8887102308247303,33,0.6079343142968134,13
8770,0.8560718942446448,32,0.6978611096028153,16
8771,0.9237629292929289,40,0.8907368333333336,11
8772,0.8327335989565993,33,0.7569697244185555,14
8774,0.913509555555556,49,0.850037777777778,14
8775,0.8731691708569216,32,0.862747465774422,12
8776,0.8031084194971692,33,0.7748555553613058,11
8778,0.887435481684982,34,0.7375479350649353,10
8779,0.8575985649350646,36,0.8818710769230773,12
8780,0.8383819084804088,32,0.8027888008241761,10
8781,0.8257767526640027,56,0.6828387649295152,13
8782,0.8627729892052397,32,0.7405198331113325,12
8783,0.8034251931401939,33,0.713216111111111,11
8784,0.8369676628371623,34,0.9114704415584417,16
8785,0.7965026617549118,33,0.7047957734487731,13
8786,0.841390367604618,35,0.7895706515151513,12
8788,0.8724071987179487,32,0.7358022879661188,16
8789,0.815668185508936,32,0.6832842103174603,12
8790,0.8980443751803755,34,0.7860424322344322,11
8791,0.8336840844155842,31,0.7620372407037408,14
8792,0.8820335232545231,33,0.8453077660950165,14
8794,0.8264324226884229,33,0.7646005726397785,11
8795,0.8729599116439126,41,0.8037066952116505,10
8796,0.8504598373015875,32,0.672754333333333,11
8797,0.8840170111277605,57,0.8172560390720396,10
8799,0.813681150793651,34,0.6710789444444445,9
8800,0.8387748819236316,34,0.7517655282217787,10
8802,0.8471611865079365,33,0.6905163293650797,10
8803,0.7975231325618821,32,0.6375168546176044,12
8804,0.8878829193306692,33,0.7737935692640697,19
8805,0.8428407051282055,32,0.8612941666666668,21
8806,0.8724819010989013,33,0.7152323571428572,20
8807,0.8432519719724723,33,0.7583319742618488,9
8808,0.8183923986568986,34,0.6133737915695412,15
8810,0.8450301184371182,38,0.7516752066267067,10
8811,0.8119323113553114,33,0.7708133941654751,16
8813,0.8367009682817177,33,0.7360345737636549,12
8814,0.8906567487234984,34,0.7751129718614722,11
8815,0.8239800000000002,32,0.5555774999999993,10
8816,0.8086619029581531,34,0.5459795238095241,14
8817,0.8410533333333334,33,0.7093117735042737,10
8818,0.8613427736985239,32,0.788606455710956,12
8819,0.8654784671994675,34,0.73092205401951,19
8820,0.8490032554945056,34,0.6999827283868096,10
8821,0.8465889781052285,33,0.7859101266135825,10
8822,0.8551289722222228,32,0.7594740571275131,13
8825,0.8616671656676658,34,0.8173392508047512,11
8826,0.8745004166666672,72,0.7029806770631325,28
8827,0.7888911904761905,33,0.7491243333333335,11
8828,0.8609693639416139,33,0.776506480033855,14
8829,0.8364344164169165,95,0.7523525342476153,12
8830,0.8877389681152179,34,0.7277396549977805,15
8833,0.819988879176379,57,0.706718821969697,13
8834,0.8938114419191924,34,0.6226525140137636,14
8835,0.7650945505883002,33,0.6851548234306547,11
8837,0.8194530841935841,47,0.7290910134310131,11
8838,0.869043192141192,35,0.7841950809468308,15
8840,0.8731632994227998,33,0.6931323727106228,13
8842,0.8532706086691085,33,0.7966127558454619,10
8843,0.8627340078255077,56,0.788712671679627,25
8845,0.8222507096237096,34,0.7542178836580092,14
8846,0.8029473867243869,34,0.5847227398989906,17
8849,0.8590666666666662,33,0.8336433333333336,10
8851,0.8414408157675659,32,0.7521058042929293,9
8852,0.7886242131479634,34,0.7445803979908981,11
8853,0.7976434076479078,34,0.6416981083083586,11
8855,0.8856462884615387,32,0.8509063333333333,11
8856,0.7734227988400487,32,0.7104325174727232,10
8858,0.8273382464757466,33,0.5281122738095241,10
8859,0.83753774975025,32,0.7555447244185554,12
8860,0.8669014426684427,33,0.7438465594405592,12
8861,0.8216130000000007,34,0.8292656904761907,12
8862,0.9330267995337992,33,0.8738489413641913,13
8863,0.850437582029082,35,0.7656532854922854,12
8865,0.8629428833666338,32,0.8171142858530365,18
8866,0.8698770735375737,33,0.6752001287878787,10
8868,0.8346306686369185,34,0.7094481041181047,10
8869,0.8605789114774115,37,0.761492555555555,10
8870,0.9114890800865801,32,0.8065770000000001,12
8871,0.8269075508103007,32,0.6903617205849707,12
8872,0.8656013230380729,34,0.7370376521852332,13
8873,0.8806268005328013,34,0.7836414002663998,10
8874,0.8389982720335221,34,0.8300196114302365,12
8875,0.7647539285714282,36,0.7631023939393938,16
8876,0.8503935889943388,33,0.7436422770562768,15
8877,0.8654918012543016,34,0.7161376662087912,10
8878,0.7885578333333331,34,0.7323872727272732,13
8879,0.8043540212287712,45,0.7481270441086697,14
8881,0.890406434287934,33,0.8214286391108893,11
8883,0.7648265144300147,33,0.7258482313242315,16
8885,0.7859474444444448,33,0.5990843939393939,9
8887,0.8349821123321125,34,0.7218269547813301,11
8888,0.809612057081808,35,0.7021903214285726,9
8889,0.860207703990454,33,0.8040609665057162,10
8890,0.837573617965368,53,0.7474084621212118,16
8891,0.8397545416527917,33,0.7439674142703706,11
8892,0.8996316876734379,31,0.6932727504162505,12
8893,0.8341657982850483,33,0.7404477563449622,10
8894,0.8078520891330893,33,0.6874886515151521,12
8895,0.8798595950993456,34,0.8798313939948942,10
8896,0.7915653571428575,33,0.7655183277041584,13
8897,0.8351844156676655,33,0.6032189826146072,14
8900,0.879948678654679,34,0.7813826772851331,17
8902,0.796582722222222,33,0.7762741666666666,12
8903,0.8330708333333335,33,0.7804826523199029,16
8904,0.834952508685759,48,0.7223493954795205,16
8905,0.8100173515373519,33,0.7156171637251636,16
8906,0.7706086666666665,31,0.6788238333333341,12
8907,0.8478668334720838,33,0.8129277139151699,11
8909,0.79448,34,0.7159680476190475,15
8910,0.8612849910644911,31,0.6011469999999994,16
8911,0.8211729874847381,55,0.7667211431525992,16
8912,0.8996683885281385,32,0.7841595748459063,9
8913,0.7692013333333333,67,0.7836578908591406,23
8914,0.8677072820512822,34,0.680375428571429,11
8915,0.8181791758519256,34,0.711810481813938,13
8916,0.8629967442557445,34,0.7067960911629225,13
8918,0.9075169725274727,56,0.8835097160796721,16
8920,0.8753333110500613,32,0.8004230209235214,14
8923,0.899807596847597,33,0.786399799963925,12
8924,0.8525519542124539,33,0.8301338139360642,15
8926,0.860410924630925,32,0.6843462134532133,13
8928,0.8448889704462205,33,0.7713525911865912,12
8929,0.8644197798312799,34,0.7185760891926701,10
8930,0.796922803030303,33,0.6947336904761907,12
8931,0.859975308469308,33,0.7671336692751697,9
8932,0.866217164030414,34,0.7987156210635772,9
8933,0.846239812715063,33,0.7808107098318352,11
8934,0.7859806457431456,33,0.6234218989898994,14
8935,0.7698486666666666,33,0.6746496111111117,11
8937,0.8293377503607502,34,0.7082042916666667,10
8938,0.8453104999999995,42,0.7520416428571426,10
8940,0.849134013597514,30,0.8235574062187809,13
8942,0.8928004217171726,33,0.7928964792152289,11
8944,0.7735128164613159,33,0.6585148745143741,13
8945,0.8212571759906762,33,0.7339235252525254,15
8946,0.84562404004329,34,0.7165090919913417,18
8948,0.8613881012598515,33,0.7345104993339993,16
8949,0.8783642229714733,35,0.707397622229078,11
8950,0.8595824428904428,34,0.7315089668525913,10
8952,0.8378364570152073,35,0.7546601774059276,10
8953,0.9283470909645912,33,0.7078702236652238,12
8954,0.7472429999999999,35,0.5947054642857137,18
8955,0.8593885793650794,34,0.9119842121212123,12
8956,0.8399349151959155,33,0.7730754219710028,11
8957,0.8475219913697412,34,0.8820853653429905,13
8959,0.7885950321067824,31,0.8869352886557881,20
8960,0.8745368111888112,45,0.814281076923077,14
8961,0.8453738214285721,34,0.7633920769230769,10
8962,0.8920337820512824,33,0.8294409999999998,11
8963,0.8641656474913976,34,0.8503556876734383,13
8964,0.7869493015873017,33,0.7650728214285717,10
8965,0.846669508019758,33,0.8329550476190484,12
8967,0.8205508333333333,32,0.7569627867549116,12
8968,0.8517385225052729,32,0.8281102505827508,10
8969,0.8717177161727162,33,0.7403648571428573,13
8970,0.8102082402597403,32,0.5929553333333334,14
8972,0.874185628371628,31,0.674525667114748,14
8973,0.8307640499222992,34,0.8435274188491251,10
8974,0.8385592770840278,35,0.7828432885031638,11
8976,0.7486637499999996,33,0.6962381245421245,20
8977,0.8358396664169164,35,0.7495884516912829,11
8978,0.8835488333333327,33,0.7112809999999993,12
8979,0.8387749285159285,38,0.7624362704240205,11
8980,0.8895998519536028,32,0.7743346666666667,15
8981,0.8523631013986013,33,0.8352045511335072,22
8983,0.8290593189310688,34,0.7565472335442337,12
8984,0.7392973095238089,33,0.6142047705627703,17
8985,0.8590998745421242,31,0.7629718441003444,10
8986,0.8573546526806521,37,0.7361447435897439,10
8987,0.7681855952380952,55,0.7362947540237543,16
8988,0.849845222749473,33,0.7012780886197141,14
8989,0.8102115329392826,33,0.7290984921924485,10
8990,0.7578279524642025,47,0.7086938931762687,11
8992,0.8081905357142861,33,0.7206783333333333,11
8994,0.7966590714285718,34,0.6650803214285723,11
8995,0.8351216468253962,33,0.6484414557109562,10
8997,0.7844037313797313,32,0.7501287361527359,12
8998,0.8438880000000003,34,0.7562376190476188,13
8999,0.8630220985125986,34,0.6856535538073045,9
9000,0.8371730022755024,55,0.7356808456306767,11
9001,0.8427214166666666,34,0.7345010158730159,22
9003,0.8528545985125987,33,0.7580622250666003,13
9004,0.9297075694444448,32,0.8884899999999998,10
9005,0.8434180972915972,34,0.6091868160311907,9
9006,0.8469528248418249,50,0.6943920602771412,17
9007,0.7603469184149185,33,0.7415427728937729,10
9008,0.9149253809523813,32,0.8458473015497576,11
9009,0.8247819999999997,34,0.7552657142857142,10
9010,0.8429127092629591,31,0.7613253359418363,10
9011,0.830116032800533,37,0.7911369165597474,14
9012,0.7755445454545452,31,0.6960407901265404,23
9013,0.9094961060606052,33,0.7174109999999994,13
9014,0.8732093538406042,34,0.761877952797203,14
9016,0.8003303166000663,33,0.7584863085566396,18
9017,0.8809048407148409,34,0.7325661019576833,23
9018,0.840438648351649,33,0.7685711776279277,14
9020,0.8806354151681646,39,0.8010931627816631,14
9022,0.8279537259129757,32,0.7092967626262626,9
9025,0.901548484848485,34,0.752049761904762,10
9026,0.8344239912864913,33,0.7190973424908431,11
9027,0.8682401547064051,32,0.7316136255827501,15
9028,0.882744003274503,65,0.7477058571428573,14
9031,0.7731063137973134,34,0.7697162242895992,10
9032,0.8624054036241542,34,0.687582649586525,24
9033,0.9262944126984135,47,0.7584308333333337,10
9034,0.7841366666666665,88,0.7225304772727273,15
9035,0.8644822820512819,33,0.7523661753246753,28
9037,0.8096561486568988,38,0.8040582931235433,14
9038,0.9298412158119664,34,0.7996895404040406,12
9039,0.7795055833333328,34,0.4995863333333331,13
9041,0.8486480611333114,34,0.6197477067515818,10
9042,0.7224373305860808,37,0.7294095173992677,11
9044,0.8427620596903096,36,0.7101078887403446,12
9045,0.8708725476190478,32,0.7577260930735932,10
9047,0.7913458333333335,44,0.7791377328961886,10
9048,0.8327263111888112,33,0.7431443181818181,12
9050,0.8622784148074146,59,0.763013616980242,17
9052,0.8707228214285719,34,0.7227338888888888,15
9053,0.821951408730158,33,0.6334343164613156,11
9055,0.8432801299533801,33,0.7365331606171607,9
9056,0.897369027777778,30,0.7143604015151515,11
9057,0.7698486666666666,33,0.6536771666666671,15
9058,0.7931925764790768,33,0.6586296190476194,10
9059,0.8499045364080365,32,0.7611483242631552,10
9060,0.8810755357142861,34,0.8454889722222222,10
9061,0.8566735238095238,33,0.6869046666666669,9
9063,0.7838794671162168,74,0.736839931263181,25
9064,0.8664677262737266,33,0.7732131725953784,12
9065,0.8037613560606056,33,0.7030897976190478,11
9066,0.8133869867354866,34,0.7025343600843604,9
9067,0.8484983653846156,43,0.796358111111111,10
9068,0.8589857979242979,70,0.6986326993464057,24
9069,0.8253440782273285,34,0.7426583617673178,13
9070,0.8687444902597404,34,0.8769209166666672,10
9071,0.8735517107059614,31,0.7613158721874528,19
9072,0.856101927933178,32,0.5722161999430305,11
9073,0.8689585692918191,34,0.8666812711496017,17
9074,0.8582162417027419,55,0.7673504950645759,10
9075,0.8776194090909081,48,0.7220193333333326,23
9076,0.8586693161283159,32,0.8139339584900397,10
9078,0.8397332784437782,34,0.7716803891525149,11
9079,0.8159051490731491,44,0.6524577713675213,11
9082,0.8493596500166501,32,0.6125449999999997,10
9083,0.8721961182706182,33,0.7866222533577542,10
9084,0.8665902441169944,34,0.7050356719530474,12
9086,0.8268447424242426,33,0.7590249300699302,14
9088,0.8490488116328117,34,0.5952368917748914,10
9089,0.8206695940170939,33,0.7141804502164498,12
9090,0.8233028333333335,34,0.745139926406927,11
9091,0.9239266795149297,45,0.8410655213577272,10
9092,0.8849109441114446,34,0.7918321342823842,13
9093,0.8301754615384617,33,0.6282071666666671,12
9094,0.8554764389221888,35,0.5462656757409255,10
9095,0.8759668441558439,34,0.82891586946387,10
9096,0.8485467023809528,34,0.7424302142857145,14
9097,0.9088737871017869,33,0.8046962580197582,22
9098,0.7700390456210454,41,0.750991597985348,11
9100,0.8256614999999999,32,0.7850848214285716,10
9101,0.8593210234487729,33,0.7980885476190476,11
9102,0.8412035689310692,32,0.7783910997793061,12
9103,0.8707471055611051,33,0.7793280268342764,10
9105,0.8056010439560441,36,0.7277566833166838,9
9106,0.7552408653846153,34,0.6245579653679654,16
9107,0.7954783495115996,56,0.7753818571428575,10
9108,0.8584207410644906,33,0.8929965708458212,9
9109,0.8622723333333336,32,0.6214409999999999,11
9110,0.8363311287323788,32,0.7991646739551302,13
9112,0.9363474749139752,34,0.8522809798534804,22
9113,0.8376524947552446,40,0.7328644707930959,10
9114,0.8033319696969693,33,0.694892357142857,12
9115,0.8503857914307908,36,0.656345666666666,13
9116,0.8073594023199026,32,0.7044916427918487,10
9117,0.8130169031246534,33,0.6232342148684648,11
9118,0.8181000000000003,33,0.644441666666667,10
9119,0.7916833968253968,33,0.6957233955391011,12
9120,0.8595916789321788,46,0.7482702565767565,21
9121,0.8892320670995677,34,0.7497568382352943,13
9123,0.8230419163891668,34,0.7855355531176342,12
9125,0.8541579606227105,33,0.7927312713161022,15
9127,0.8394112820512813,33,0.7467429999999996,17
9128,0.7298650000000005,33,0.7527890000000003,11
9130,0.8885286315351315,33,0.7529410009573764,10
9131,0.8566989209401707,33,0.659063833333333,11
9132,0.7814568333333335,33,0.8026320700688199,10
9133,0.9085087499999994,34,0.6163049999999999,10
9134,0.79909,34,0.7420339772727275,13
9135,0.7475488888888893,34,0.7170832197802199,13
9137,0.8636522239704744,34,0.7201708320707069,10
9138,0.8875707406204912,33,0.6048926060606057,10
9139,0.8607002754745255,33,0.8028389577269138,11
9140,0.8879724285714279,56,0.8276669047619047,15
9141,0.8800993823398819,59,0.8382567753080256,10
9142,0.7679813333333333,92,0.7763552577422572,29
9143,0.9075861428571431,33,0.8782352857142858,10
9145,0.7912369154456654,45,0.730831487419443,10
9147,0.8056010439560441,32,0.7172254206904214,13
9150,0.7618615586080583,34,0.6782281862859358,12
9151,0.7736605340492843,31,0.6040284999999995,14
9152,0.8827063353590855,33,0.7212086717073777,10
9153,0.9288050989010991,34,0.7859008922466418,17
9155,0.7334931428571434,47,0.7389211666666671,10
9157,0.8662105078810081,34,0.7706768662489475,12
9158,0.8985747160339658,34,0.7679198983418541,15
9159,0.8317704741369739,33,0.7400845858169611,18
9160,0.7715417820512818,32,0.6607677597402598,9
9162,0.8104482226662231,34,0.7843899988761242,13
9163,0.8444398357198354,38,0.6909861494241053,12
9165,0.8137323279220781,34,0.6028760769230764,11
9166,0.8062300239482741,37,0.7336720230782292,12
9167,0.9045731456876456,80,0.8265099144050397,20
9168,0.8515035715950718,34,0.6918762094155849,10
9169,0.8729599116439126,34,0.8037066952116505,11
9170,0.8717370995115994,33,0.6935707954545458,12
9171,0.9268541030358537,34,0.7988518110541424,10
9172,0.9065200384615386,31,0.7930684894313204,12
9174,0.8195205769508269,34,0.7602184928168235,10
9175,0.8377523919968914,33,0.7876342727272728,10
9176,0.8236428511211011,33,0.7203022621267623,13
9177,0.8889042857142853,33,0.8412364102564105,10
9179,0.8639008005883007,34,0.8287567843031154,19
9180,0.7885346528471524,34,0.6726510769230768,18
9181,0.8539680476190474,34,0.7736108333333332,15
9183,0.9086711060606052,33,0.7161809999999994,13
9184,0.8078214696969696,31,0.760616991082447,9
9185,0.8619281449106448,34,0.8193449636474638,11
9186,0.7727278323343318,44,0.6195711071428569,11
9187,0.8648303347763349,37,0.8050738265345765,26
9188,0.8405219761904763,34,0.6405631666666668,10
9190,0.8746629171939172,33,0.7077920070762569,10
9191,0.8481575383505381,31,0.7767930880549189,13
9192,0.9021419444444447,34,0.8690752857142858,11
9193,0.8889042857142853,36,0.8412364102564105,18
9194,0.8774694635642141,41,0.8842106277056279,11
9197,0.788978590909091,33,0.7007629722222223,12
9198,0.8299727066544562,34,0.625081569347319,13
9202,0.8387348684371183,33,0.8212775998168503,13
9203,0.8642843047230548,33,0.7357881044927295,13
9204,0.8254932254134755,34,0.7090056984681984,15
9205,0.8399083495948502,35,0.7461283100233099,14
9206,0.8071100000000002,33,0.7387646666666673,13
9207,0.7222783333333337,33,0.8048950000000004,12
9208,0.9063404393939384,34,0.7086109999999993,12
9209,0.768588,33,0.8079100380452877,12
9210,0.8539703084693087,37,0.7239775350482854,10
9211,0.8447458863636365,33,0.7792688846153848,12
9212,0.8508447912087914,44,0.7261576904761908,13
9213,0.724815793650794,68,0.6876800000000006,22
9214,0.8218907881007879,33,0.725701086829837,10
9215,0.8368144017649022,32,0.7272716245045805,13
9216,0.862143317044067,32,0.8134617654469714,14
9217,0.8664983268398265,35,0.7640230699202766,21
9218,0.9061405226717727,33,0.8458164198620008,13
9219,0.8716069140026635,33,0.782188198190698,21
9220,0.8626145825563327,33,0.7896230344834901,11
9221,0.8689597211399714,34,0.7507673333333338,12
9222,0.8380116649739149,43,0.7532353475413474,16
9223,0.862186841880342,33,0.7130500914502166,12
9224,0.8452927976190476,34,0.7351440050505047,14
9225,0.8296384160839159,34,0.818500578800285,13
9226,0.8325690411255414,34,0.7739616250000002,12
9227,0.8415046557331557,37,0.7973851433566438,9
9228,0.8453532937340433,33,0.7118420364912867,10
9229,0.8876583577256077,33,0.8452943021978028,15
9230,0.779778,33,0.6322125000000001,10
9231,0.869722464285715,47,0.817714918165168,10
9232,0.8763908198745699,33,0.7302723281024537,12
9234,0.8844381875901876,48,0.7658974280303034,14
9235,0.8813435188422687,32,0.7761550793650794,14
9236,0.8466165061605063,32,0.7542782256811817,20
9239,0.8174898046398047,50,0.7185669236457991,15
9240,0.8233739772727273,53,0.7650746371406372,16
9241,0.8462950697358198,34,0.7268315825604138,10
9242,0.839479387612388,34,0.6113971025086027,10
9243,0.8387861468253974,34,0.6476855238095238,14
9245,0.8614071635031635,34,0.741700626137751,12
9246,0.8387021938339437,34,0.7994431274003775,9
9247,0.8640278698801201,52,0.8207691904623153,11
9248,0.893491113858364,34,0.6761634621212118,13
9249,0.8983959325396823,32,0.8334739722222223,12
9250,0.8625527022422016,31,0.76131230022755,9
9251,0.8734006370851372,32,0.8426766038961039,17
9252,0.8413899166666665,34,0.6435839453781513,10
9253,0.8053027829670333,32,0.6673204848484854,13
9254,0.7844995119047615,34,0.6775113612637359,12
9255,0.790922166666667,33,0.686964130952381,11
9256,0.8197721427461431,33,0.7961968431429686,10
9257,0.8954866666666668,41,0.8737883787878792,12
9258,0.8466360963203468,52,0.7251900811688314,13
9259,0.7957267803030301,33,0.7327824280303035,15
9260,0.8729599116439126,33,0.8037066952116505,10
9261,0.8387074669497173,33,0.7998912973970477,15
9262,0.8877389681152179,47,0.7277396549977805,16
9263,0.8636001666666664,33,0.7242897765151516,13
9266,0.8138632622100123,35,0.7478173677849935,11
9268,0.8512651355866357,32,0.7910521544844045,17
9269,0.8524376944444445,33,0.8516953846153855,9
9270,0.8869442920690418,33,0.7860977909312912,18
9271,0.8813966124153629,34,0.7331074430014434,14
9273,0.7779199999999997,47,0.8137108333333337,13
9275,0.8207149999999999,34,0.7932090769230773,15
9276,0.9383980883838379,33,0.9447883786393347,10
9277,0.845208139277389,33,0.7773548154345653,9
9278,0.831345842019092,34,0.6903174340243093,11
9280,0.8551122494449992,34,0.9083715713869474,12
9282,0.8771677218059715,35,0.8149407742257742,14
9283,0.8450232915140411,37,0.7554645463702967,13
9284,0.829569833333333,32,0.7779343181818184,13
9288,0.8236659102564103,34,0.7700464047619049,16
9289,0.8217996060606056,34,0.7233407619047613,10
9290,0.907590666666667,32,0.4928431565656562,12
9291,0.8672603103840604,57,0.791774534632034,24
9292,0.8307737233877238,34,0.7363096309523809,9
9293,0.8716293164890664,34,0.8138681807359306,12
9294,0.8356734272394274,34,0.7563464693680503,10
9295,0.8814045228105232,34,0.7427277803030299,10
9296,0.7805907052669556,32,0.6549415032467535,18
9297,0.940087633699634,32,0.8202526666666669,18
9298,0.8386408333333332,48,0.6545600000000005,11
9299,0.8850188253968259,35,0.8177553939393941,13
9300,0.8560366759906753,33,0.748936810291016,12
9301,0.810789922161172,34,0.7836256515151513,14
9302,0.8819330112110114,34,0.761917681308887,17
9303,0.8237344495782,58,0.6921185068958822,16
9304,0.8331617656232657,32,0.7532660629966442,16
9305,0.8780201602564103,34,0.769700714285714,12
9307,0.7764419999999999,34,0.7966880510600514,14
9309,0.7552408653846153,33,0.6245579653679654,11
9310,0.8176946153846155,38,0.8047537222222223,12
9311,0.7649439285714281,33,0.7986035000000001,12
9312,0.8781392885447888,34,0.6919216666666667,12
9313,0.7956324999999999,34,0.8381681250000003,10
9315,0.8385411721611723,32,0.6637687350843605,13
9316,0.8358791071428577,32,0.8151441944444447,15
9317,0.8464339028471528,54,0.748429761478717,16
9318,0.7655478297535793,54,0.7040262171717173,13
9319,0.817914187895438,34,0.7231695339937838,10
9321,0.8497345524753028,32,0.6871208737373735,10
9322,0.8605113281440775,33,0.7360423012820513,10
9323,0.6565270162337657,32,0.6467084704739707,12
9324,0.8310538845876349,42,0.8035575837079588,9
9327,0.8577812222222228,48,0.7229747643051396,12
9328,0.7589358506493504,33,0.7398117431359491,11
9329,0.7604983134920631,34,0.7268588597513596,11
9330,0.8301417352369849,33,0.7386707596333408,10
9331,0.8436699999999998,34,0.7974650000000006,11
9333,0.8809296211011214,34,0.8343979621212125,11
9334,0.846684626845377,82,0.654212238095238,15
9335,0.836385255022755,33,0.7789390872640434,10
9337,0.8647359354534351,58,0.7853111619254922,11
9339,0.8418834274336773,33,0.7589771053293114,12
9341,0.8216884642857138,38,0.8378976190476192,11
9342,0.846228471861472,34,0.7618106395687646,21
9343,0.8485037218892221,34,0.7961704221334223,13
9344,0.8401693572261074,34,0.7374001656162469,10
9345,0.8876070000000003,34,0.6298249999999994,15
9347,0.8465432279387274,32,0.79000229909388,13
9348,0.8723038450438455,34,0.7699538418525917,10
9349,0.8216449372571872,35,0.8207491816516819,11
9350,0.7685002734487735,33,0.672922666666667,12
9353,0.8251860000000001,33,0.6221221666666663,12
9354,0.7988122196969699,33,0.8053285932996742,13
9356,0.8418563298368301,33,0.8256912824675332,15
9357,0.814614275419025,34,0.7022712900612459,10
9358,0.7932436828449327,32,0.5958021944444443,10
9359,0.8314517697302697,40,0.8226756792929294,12
9360,0.8327335989565993,33,0.7569697244185555,11
9361,0.8671644469696974,55,0.7402737474747476,20
9362,0.8594881177156178,35,0.7959868344890405,10
9365,0.8482434143911642,60,0.8775806241536244,15
9366,0.8614515908535911,33,0.7861018824786327,10
9367,0.8889042857142853,45,0.8412364102564105,11
9368,0.8619971240981239,31,0.6092830769230764,15
9369,0.8444237064324563,45,0.7140456701492954,16
9370,0.8830277380952378,34,0.7274927738095239,14
9371,0.844231531024531,44,0.704356779761905,9
9372,0.8211091634199137,33,0.7148602318514818,10
9373,0.8721961182706182,35,0.7947200866910875,9
9374,0.797481905982906,32,0.7425428010323004,14
9375,0.8177214910644908,32,0.7960237536907538,9
9376,0.8348681381118881,34,0.683610545454545,14
9377,0.7499273982128982,34,0.7348615043608352,15
9379,0.8650334397824396,34,0.6930472363608614,11
9380,0.8528329661172159,43,0.8600537272727277,10
9381,0.8321368270063266,33,0.7810918166735229,11
9382,0.815668185508936,47,0.6832842103174603,10
9385,0.8420670554445556,33,0.7349914057886555,13
9386,0.8683911324786325,33,0.8834525000000001,11
9387,0.774054912060162,33,0.7013705055361307,10
9388,0.8757380687645687,33,0.7228386275252525,14
9389,0.8714159809079814,33,0.7775995215797278,20
9390,0.8802037386779881,34,0.7492241168831164,11
9391,0.8268259606227113,33,0.6687502738095243,10
9392,0.8066846696914202,33,0.7144032071539566,10
9393,0.8398489446109442,32,0.7905158493075554,10
9394,0.8465825898545897,32,0.8674684428626931,12
9395,0.7979251829836831,33,0.8291739953102456,10
9396,0.8674886034798535,34,0.8713491843434347,10
9397,0.8401715623543116,32,0.7822192842712846,19
9398,0.845668523837274,55,0.8110592385392391,11
9399,0.8262962356532357,41,0.7053675976384731,15
9400,0.8019841236263732,47,0.7668318750693751,10
9402,0.880482044871795,33,0.7153550833333331,15
9403,0.8318406432178926,33,0.7860944304306802,12
9404,0.824692805555556,33,0.6948910149433896,10
9405,0.8862837500000001,32,0.8163683263305321,12
9406,0.8752299999999998,32,0.8650146190476192,10
9407,0.8204235238095238,46,0.7962302191876753,13
9408,0.8791339999999992,33,0.8171630769230772,10
9409,0.8907681139971142,32,0.720613214285714,14
9412,0.859867831973582,74,0.7704823181818182,20
9414,0.7808991865079368,33,0.6206380000000002,9
9415,0.7688993147130645,58,0.6463689695998447,24
9416,0.872232318875569,33,0.684418398851149,11
9417,0.7280664090909097,33,0.8318391686091684,12
9419,0.8726208933843935,33,0.7069921209346206,18
9420,0.8280932655955149,33,0.7677571338383841,17
9421,0.8391787500000002,33,0.6970371017316022,11
9422,0.8376994158896665,33,0.7737085226856477,10
9423,0.8730810541403043,41,0.8142077039072037,15
9424,0.8414243575868576,41,0.7928132157425908,10
9425,0.8774841414973922,42,0.7636079551184112,14
9426,0.850023332861583,60,0.7603181050199804,19
9427,0.8570376104728605,32,0.6958383193473193,11
9428,0.8197036479353978,35,0.7894104306388056,14
9430,0.8236196815961815,34,0.7745114808704368,12
9431,0.8200232027694532,34,0.7670780577518888,10
9432,0.8233173567821065,34,0.7292386925753982,15
9433,0.8664635536130535,33,0.8380649081474085,15
9434,0.7711393778443777,33,0.7138645538350542,15
9435,0.7752200000000002,32,0.7589462499999995,12
9437,0.8316451464923965,34,0.819694988955489,10
9438,0.8740970479242981,32,0.6970484177489182,9
9439,0.7888911904761905,33,0.7491243333333335,11
9440,0.847723142857143,64,0.7384116666666669,17
9441,0.8560599483016982,34,0.7274380161684723,9
9443,0.8105739953379956,32,0.7624781522227775,12
9445,0.9242395959595957,33,0.7037966666666668,15
9446,0.7893589047619054,54,0.6641575000000008,13
9448,0.8029549999999999,43,0.7389536255272499,16
9449,0.8450571512376516,38,0.7522237277167282,11
9450,0.8814523233988232,33,0.8270942836330336,13
9451,0.8565142619047615,30,0.8539730000000005,10
9452,0.838058583083583,33,0.7468491388374697,11
9453,0.8591606666666665,34,0.7624950681818183,18
9454,0.8349496664169165,31,0.7581017374055683,12
9455,0.8523429768564768,39,0.7726833677711185,13
9456,0.7951476060606061,37,0.7543993964230217,11
9457,0.7975231325618821,37,0.6375168546176044,11
9460,0.8163794832112329,33,0.5863677764637325,9
9461,0.7691514833499832,33,0.7481712541388348,10
9462,0.7334931428571434,44,0.7389211666666671,15
9463,0.8303341259018763,34,0.6902497895339951,13
9464,0.8469092886280388,33,0.7482125437895444,16
9465,0.8664635536130535,36,0.8380649081474085,15
9466,0.8643375440947936,33,0.7326645213675217,13
9468,0.7928556666666674,33,0.5080649999999992,10
9469,0.7657502575757573,34,0.7447939319014323,10
9470,0.8662625129870127,32,0.7474728181818183,13
9472,0.8364307181984678,34,0.7899631765734269,10
9473,0.8453865825563325,33,0.7855636165223668,11
9474,0.7926549999999999,36,0.780880273809524,15
9475,0.8532802738927743,33,0.7568485624832687,11
9476,0.8016329274336773,34,0.7286518677433681,13
9477,0.8566419292374293,33,0.7980641455113517,12
9478,0.8626306669164174,33,0.7431288508615574,11
9479,0.8151921829281824,33,0.749404534215784,29
9480,0.8349593132423136,34,0.7485964685494246,18
9481,0.7662128333333332,34,0.7678342828282831,9
9483,0.813600076923077,32,0.5942006666666666,11
9484,0.851038585747586,33,0.7081215211593966,10
9485,0.9307220197857702,34,0.892247226902183,10
9486,0.7924676904761909,36,0.6991216237373734,16
9487,0.8256352236097242,33,0.575655606060606,12
9488,0.8618854924242422,34,0.7998832142857139,11
9490,0.8199999999999998,32,0.7730064166666665,10
9492,0.8845755141802643,55,0.8654984185120437,20
9493,0.9242075888278383,34,0.7924395443722945,24
9495,0.7732431178266181,33,0.8678930476190481,14
9496,0.7622839285714282,34,0.7021338939393938,11
9497,0.8742025871628374,67,0.7599682550407111,14
9499,0.7703657948717941,40,0.6234593181818174,10
9500,0.8569703571428572,33,0.7523854102564101,15
9501,0.8630229940059942,33,0.7708599036796531,12
9502,0.8669558861416365,32,0.7913223142135641,10
9503,0.8193221515151516,32,0.7486637276653088,12
9504,0.8620430525585527,34,0.7304995891926702,12
9505,0.8282123568098565,32,0.7455283396048398,11
9506,0.8333804665612163,41,0.7606494371780179,10
9507,0.8098672820512821,34,0.721704484848485,10
9508,0.8765942435897438,34,0.839042450660451,9
9509,0.8837419632034628,33,0.8067692784992785,16
9510,0.9323705609113112,54,0.8824875764137827,15
9511,0.7881490909090908,33,0.7555576666666668,15
9512,0.8332355995116002,33,0.7572270594585153,11
9513,0.8024831222388721,33,0.9041706103798162,37
9515,0.8265077142857149,32,0.650595,10
9516,0.8332687145909642,33,0.795561629634255,23
9517,0.8183534848484848,35,0.7771033333333333,12
9518,0.762394819042069,41,0.6964518196982757,9
9519,0.8121348106060603,33,0.7583428495670996,10
9521,0.7965424242424247,34,0.7339101316738819,10
9522,0.8597296844266841,34,0.8890907179487183,11
9523,0.8133869867354866,33,0.7025343600843604,15
9524,0.8177250952380953,33,0.7812113983516489,17
9525,0.8610305064935068,33,0.7659633181818183,10
9526,0.9030226670274173,45,0.666410712121212,13
9527,0.8816641230158734,34,0.7164198809523813,16
9528,0.8462959999999999,34,0.7218010714285714,10
9529,0.8221008333333333,39,0.7764695486041735,10
9530,0.8310280485070487,34,0.8091257766441078,10
9531,0.8574054209401705,32,0.6513038055457617,11
9532,0.8963296969141972,34,0.8618094036796538,10
9533,0.8807080681818181,33,0.7654734999999998,13
9534,0.8741221141636142,40,0.5136285000000005,12
9535,0.882186726412477,33,0.8278599987275801,17
9536,0.8323254569597072,33,0.83918484004884,10
9537,0.8371730022755024,33,0.7356808456306767,15
9538,0.8545449924242426,33,0.7448676433982687,13
9541,0.7559608095238097,33,0.6427897857142861,11
9542,0.9149493076645588,44,0.8134650235361051,12
9543,0.8185816075868574,34,0.7045595954323457,11
9544,0.8478277423687424,33,0.7591292819680321,16
9545,0.7754074507159503,75,0.7683131230991233,16
9546,0.7966590714285718,33,0.6650803214285723,14
9547,0.8917881197136195,34,0.8179433159201913,10
9548,0.8475755555555555,34,0.7343666666666675,20
9549,0.8102946565934062,45,0.7570867218516781,20
9550,0.8729599116439126,41,0.8037066952116505,9
9551,0.8650967388999888,33,0.7573201700244206,15
9552,0.8473059314019309,42,0.7602240202199763,11
9553,0.8072215213675221,34,0.712431750000001,11
9554,0.819773170995671,65,0.7129723622488621,22
9555,0.9075861428571431,34,0.8758652857142857,10
9556,0.9143859408369415,49,0.8768152857142861,12
9557,0.8979337912087912,34,0.7681661396103902,9
9558,0.8997375198412696,33,0.8350238333333335,11
9559,0.7751588654401153,33,0.7550685551948052,13
9560,0.8104997196969697,32,0.7101712734487731,12
9561,0.8381360149572648,33,0.8516236542526108,12
9562,0.8383427259407261,32,0.7620446984265736,10
9564,0.8512835576923075,33,0.8079103715312465,15
9565,0.8486196602564103,39,0.7214762499999998,10
9566,0.8490053265900768,33,0.7905166906190213,16
9567,0.8528305076590077,32,0.751416995980327,10
9568,0.8525152995060499,37,0.7638595563088874,10
9571,0.8098764419191913,49,0.7919089143536203,10
9572,0.851477966921967,36,0.8010924591519594,20
9573,0.8117352208624707,32,0.7757114731379733,15
9574,0.888702916666667,34,0.6993386584249083,10
9575,0.7348224999999998,33,0.8282451515151515,12
9576,0.8249000224775225,32,0.7737609062367373,15
9577,0.8143459149739148,33,0.7016626688311685,9
9582,0.8613427736985239,33,0.788606455710956,10
9583,0.8687323661061164,77,0.5674747207930956,32
9584,0.8484732222222227,32,0.8247309999999998,10
9585,0.8303170952380954,34,0.7610925506438007,12
9586,0.8464125901875903,33,0.7904088692696195,18
9587,0.8228407226107222,33,0.6850573571428572,10
9588,0.8322360801143305,30,0.6956953340132095,10
9589,0.7947867586580084,36,0.7527668061840118,15
9590,0.8061310430402934,33,0.7676130401583715,14
9591,0.8758625518093016,33,0.7023872222222218,14
9592,0.8131090000000007,34,0.6218554999999995,32
9593,0.8630868249805745,34,0.7806045273101083,12
9595,0.8594681485736487,34,0.6773548192640696,11
9596,0.7605078639971139,34,0.7070858838702145,12
9598,0.8389022277167278,34,0.6841472022560778,11
9599,0.8329079743312245,34,0.754951190240315,10
9600,0.855353746059496,33,0.8213834641787952,10
9601,0.891185965034965,34,0.7183029437547747,10
9602,0.8261816354478853,32,0.727319749046705,13
9604,0.8393731367521365,34,0.7647185871073374,10
9605,0.8789153650793654,84,0.9138489999999997,32
9606,0.8046216190476189,33,0.7994205621045621,15
9607,0.9073325923520925,32,0.8526831525974029,16
9608,0.7734399999999997,34,0.7244458809523812,11
9609,0.8507553784271287,33,0.8006300621878121,16
9610,0.7774746529859027,33,0.6427812212787213,10
9611,0.8359569718614723,49,0.6254104372294378,15
9612,0.7681886666666666,32,0.6666230050505056,16
9613,0.8710912738095244,33,0.816946095238095,12
9614,0.8439676785714285,34,0.7401155346222406,9
9615,0.7866510909090907,33,0.7995590952380954,12
9618,0.8879969126984127,33,0.8810683333333335,12
9619,0.8629476677211677,34,0.8002411588966589,12
9620,0.84809966025641,35,0.715165050980882,15
9621,0.9207299044844038,40,0.7089282951770454,10
9623,0.8547780344100346,52,0.773344118104118,16
9624,0.9322198482905985,32,0.7485719999999997,11
9625,0.8737653607503612,32,0.771013538146494,12
9627,0.8590854795204791,52,0.7644836460108518,25
9628,0.8694893088300593,33,0.7697030707070706,12
9630,0.8147977517482521,33,0.6168765476190475,12
9631,0.7753871444388948,32,0.7072403839216339,11
9632,0.849943420940171,34,0.6708732777777778,11
9633,0.7646898409090908,32,0.7005138203463196,12
9634,0.8375062254412255,33,0.8197928967601027,13
9635,0.7761363020313019,36,0.7760016264846266,15
9636,0.8691858571428578,32,0.7232713333333325,13
9637,0.8961065384615382,34,0.8251100000000007,15
9638,0.8719308468475967,32,0.8043013404234657,12
9639,0.8473875365467864,51,0.7499799103853663,12
9640,0.8628079285714284,32,0.8427181843434347,15
9641,0.8262218232600739,34,0.7006515606060613,10
9642,0.8890104891774898,33,0.8646942472527469,16
9643,0.8414643179875676,35,0.7567290714285718,10
9645,0.8798190891330884,34,0.7519513077518887,12
9646,0.8637614629537127,33,0.803543937927269,19
9647,0.7334931428571434,99,0.7389211666666671,20
9648,0.8414408157675659,34,0.7521058042929293,14
9649,0.848972632922633,55,0.7791231713564214,13
9650,0.8256984570152066,34,0.7647680023310024,12
9651,0.8622744636474637,33,0.7562071467560217,14
9652,0.7471457435897437,33,0.7477654600122102,15
9653,0.8208908333333332,33,0.7727856086274832,11
9654,0.8665772278554779,33,0.7756262608363861,12
9655,0.86301527983128,34,0.7044210290959044,16
9656,0.8221043308080813,46,0.7774496190476196,10
9657,0.8351999673382177,33,0.7681166742007993,10
9658,0.7773085000000001,38,0.8335530487845486,10
9659,0.9057721186868686,41,0.7845654947593261,14
9660,0.8613427736985239,69,0.788606455710956,28
9661,0.8467231419413924,33,0.7601887704656458,16
9662,0.843460055555555,33,0.8299583333333334,10
9663,0.879879882256632,34,0.8272068579198577,16
9665,0.8826706994949489,33,0.8784066772116776,11
9667,0.8362463993228992,33,0.7031393814102566,12
9668,0.8521977115384611,34,0.8008609935897433,9
9670,0.8171531496558994,33,0.7263996534576534,10
9671,0.7790883325563326,41,0.6703866411366414,9
9672,0.8303183499001001,62,0.7239607558454617,16
9673,0.8640068279220773,33,0.7802776007881004,10
9674,0.8452719698634696,33,0.848295326076701,17
9675,0.8486630796703298,33,0.6826885692640694,10
9676,0.8757414722222222,34,0.8438930833333335,10
9677,0.8504733333333331,33,0.7749560606060608,14
9679,0.8364344164169165,33,0.7285445825604139,12
9680,0.8276639563214558,59,0.7725678442390945,19
9681,0.8244964902597404,37,0.6241003333333335,13
9683,0.8199194339826839,33,0.5412164681054242,13
9684,0.8228730555555557,50,0.7416137776806525,10
9685,0.8547618653846156,33,0.720021222943723,13
9686,0.8610530226162727,33,0.5785810027888776,27
9687,0.8330311334776335,31,0.7616029502997006,11
9688,0.8507631900599404,90,0.7218210700271951,10
9689,0.839998913725164,45,0.7817787403054466,11
9690,0.7906332342102342,34,0.7523135487192546,13
9691,0.8774088679098675,32,0.6626990353437411,15
9692,0.8362185290265292,33,0.7115409512611578,11
9693,0.8323395200077706,33,0.7018834292929296,14
9694,0.875187386724387,40,0.6846047976190478,9
9695,0.8316795307470304,34,0.5766014797979794,10
9698,0.810351623015874,32,0.8305015996503496,14
9699,0.7977692853535353,39,0.8015825000000001,12
9701,0.9202840675990676,34,0.906141355574981,18
9702,0.8386546545399045,33,0.8485552557720061,11
9703,0.8776980904373407,33,0.8405988668414918,14
9704,0.8170079594017089,32,0.8299191204906202,11
9705,0.9031271309523811,33,0.6139367406759905,10
9706,0.811643684065934,34,0.6925824712232214,14
9707,0.7879843772893773,31,0.7555524404761904,10
9708,0.8178550576923075,34,0.7425434352910163,11
9709,0.7950264487179491,33,0.5773071876456881,11
9710,0.8386932174769679,60,0.8506396905594409,13
9711,0.9261833098290598,32,0.8658627484917045,12
9712,0.7697286666666666,34,0.667952166666667,13
9714,0.7930497870185367,38,0.7704941284589596,11
9715,0.8461985317460317,33,0.7066406515151517,10
9716,0.7798378030303027,32,0.798458106060606,13
9717,0.8743626461038957,34,0.8081634426961921,16
9718,0.8179848091075592,34,0.6886191055651864,12
9719,0.8180017817460322,33,0.6385398333333329,10
9720,0.9090523487068488,50,0.8378672493339994,14
9723,0.7581418571428575,46,0.6045773106060601,10
9725,0.872642921939172,34,0.5140311893939389,18
9729,0.8067546153846155,33,0.7456345916860918,11
9730,0.8472878106893107,34,0.7509636188435749,11
9731,0.8378524322899326,33,0.7590976145700704,11
9732,0.8352982882117884,33,0.7504103794024606,12
9733,0.8066378880286383,34,0.6308848333333332,11
9736,0.8285978058608064,38,0.6903802882950386,10
9737,0.8458594664779666,32,0.7019685175698486,13
9738,0.7850708333333329,31,0.7271776136363636,16
9739,0.8143530047175048,34,0.809529714063714,10
9740,0.8378634640359641,34,0.7532823141621451,10
9741,0.829542078310578,34,0.7097516307581307,14
9742,0.8504733333333331,35,0.7749560606060608,9
9743,0.8648137200577202,33,0.722422273809524,16
9744,0.8719464798812295,36,0.8257748327505828,9
9745,0.8987993123543131,33,0.8397901887556892,11
9746,0.8522839662004664,34,0.8097273232225293,10
9747,0.8473168192918191,48,0.7442397115939613,14
9748,0.8898458653846155,34,0.8943314929237431,10
9749,0.8654014356754363,34,0.7098276109307363,25
9751,0.8675625094627597,33,0.8887645454545461,15
9752,0.7762654357309353,33,0.7190976174242418,20
9753,0.8629428833666338,33,0.8171142858530365,12
9754,0.8366977934010437,42,0.7590976145700704,10
9755,0.8823520400155397,32,0.7500077297979799,13
9756,0.9075861428571431,46,0.8782352857142858,14
9757,0.8786338578643581,33,0.7843587253343065,14
9758,0.8190316702741701,33,0.7569733269230773,15
9760,0.7921262456709962,34,0.5306005882352944,10
9762,0.8576984154456656,34,0.7147240790043292,12
9764,0.8371730022755024,38,0.7356808456306767,10
9765,0.8098764419191913,33,0.7919089143536203,12
9766,0.8342528522588524,33,0.8547067623210124,11
9767,0.8627309216894211,35,0.7691623979076481,10
9768,0.8750781750471753,33,0.7979643595056904,10
9769,0.8533561613664113,34,0.8040207561090871,13
9771,0.8248360306637802,34,0.7984455851370851,12
9772,0.8416750826395822,33,0.7551612136792946,15
9773,0.8566163806193811,33,0.9110624376734378,14
9776,0.8266177442557442,51,0.741299742733574,9
9778,0.8778191404151409,33,0.7490280661005663,10
9779,0.9038912811355313,32,0.8455903357614609,11
9780,0.8524030128760133,55,0.7644239617922929,15
9781,0.8371088174603176,34,0.7294285837495837,11
9782,0.858132457098457,33,0.8746209481906986,27
9783,0.8477894792429791,33,0.8134835452325453,12
9785,0.8175466876179373,33,0.7235934263000074,13
9786,0.8461894824342328,34,0.7995526687797501,11
9787,0.8159133772893774,33,0.7976296437173939,13
9788,0.8433261386391385,32,0.7615987415125725,16
9789,0.8056010439560441,33,0.7206437540237545,14
9790,0.8272666923909423,33,0.7997284143674954,10
9792,0.8096668809523809,34,0.7828383311688313,13
9793,0.8110829166666665,33,0.6490025000000003,25
9795,0.8296343772893779,34,0.8294419982419541,12
9796,0.8779496730491735,32,0.5640039884698632,12
9797,0.8119952806915306,35,0.7105588030303032,16
9799,0.8761077083194587,35,0.7888065802530808,15
9801,0.8475845029137524,34,0.7905007764498574,12
9802,0.8476563809523812,38,0.7759602234432238,9
9803,0.8112072936507932,58,0.6779125964035962,10
9805,0.7118328628593623,33,0.7775658264790757,11
9806,0.8046000682650682,37,0.7519068999611501,13
9807,0.9139992420634921,32,0.8019785714285719,10
9808,0.8113070812798313,33,0.7116425837495837,16
9809,0.815668185508936,32,0.6832842103174603,10
9810,0.8352528288100788,33,0.7466772943625002,15
9812,0.847723142857143,35,0.7384116666666669,10
9813,0.8677851829836826,35,0.8228472620435121,19
9815,0.8192110851370848,34,0.7301969750984308,11
9816,0.7476716666666668,33,0.75479,10
9819,0.8451319999999996,35,0.7005783333333335,13
9820,0.8340061224608728,33,0.7675423769327081,13
9821,0.839479387612388,34,0.6113971025086027,19
9822,0.7934341666666667,33,0.8028770238095242,10
9823,0.8924277196969694,33,0.6980899404761907,13
9824,0.8630469943112441,34,0.7777105813255374,10
9825,0.8629533775668774,33,0.6660286996336992,10
9826,0.8575372160339658,34,0.7672096672077926,16
9827,0.763134595238095,32,0.7257638809523809,11
9828,0.8559008690476189,33,0.7389292500000003,19
9829,0.870436963813964,34,0.7920161919608172,9
9831,0.8896107256354757,46,0.8548767489495803,14
9832,0.86860851984127,34,0.6514612500000007,13
9833,0.8767273391330889,33,0.754978872335998,9
9834,0.8444237064324563,35,0.7140456701492954,13
9835,0.7461693467643465,33,0.7456100498153806,11
9838,0.8490150000000003,34,0.6844049999999995,11
9839,0.8352797775280277,31,0.7172730969349281,14
9840,0.8447227511932511,32,0.7324411631048693,12
9842,0.8223189102564096,33,0.7552455604991412,20
9843,0.9370300227272726,32,0.8000250000000004,11
9844,0.9256083333333343,33,0.7543487142857146,18
9845,0.8526639490786991,59,0.8055022910602472,14
9846,0.8512514128094125,33,0.7585484531342841,13
9847,0.8349460265567761,32,0.6781707368881116,13
9848,0.8228407226107222,34,0.6850573571428572,13
9849,0.8833574951714948,33,0.8348226515151513,10
9850,0.8704033241758243,33,0.8788309621212121,15
9851,0.8328347630980132,34,0.713459095695971,10
9852,0.8577006510156511,55,0.5567820525210088,13
9853,0.8821552557165054,34,0.7456377072274134,10
9854,0.8352184383394387,33,0.625557275807526,13
9855,0.8506410054945056,32,0.7752674595959597,20
9856,0.8245647992840496,32,0.49237842156862754,11
9857,0.7826112500000001,33,0.6251960000000003,12
9858,0.8612588161283162,33,0.7700545723484038,11
9859,0.8307833048618056,33,0.815074593795094,13
9860,0.8248279058441558,32,0.7419077691516001,25
9861,0.8589732661782666,39,0.7907510963938026,9
9862,0.8544411623654123,34,0.7657997786935282,10
9864,0.8529419999999992,33,0.6326762500000002,15
9870,0.8778540499223006,31,0.7457280090187591,10
9871,0.8337635470085465,33,0.7438283333333334,17
9872,0.8478786824841821,32,0.8001945903540907,10
9873,0.8583695298312799,33,0.696673772186147,18
9874,0.7445966153846157,33,0.6223493181818178,10
9875,0.8174199197191693,36,0.709717568195693,12
9876,0.8295144596237101,34,0.7721434686563436,15
9877,0.8347947468919971,32,0.7400770806693308,13
9878,0.8289032911255407,36,0.6788369999999996,9
9879,0.8342839381729383,37,0.6784815876068373,12
9881,0.8565286144411136,37,0.7464114059176116,13
9883,0.8489465402652904,33,0.7486603298090797,11
9884,0.8364344164169165,33,0.7499258141621452,12
9885,0.8732093538406042,34,0.761877952797203,13
9888,0.8232679952547454,33,0.7194102954545458,15
9889,0.8746329406981913,35,0.68822012851446,11
9890,0.8681138636363634,33,0.7560398571428574,10
9891,0.8632923102730605,33,0.7455624890387391,10
9892,0.8465432279387274,33,0.79000229909388,10
9893,0.8645801868131868,44,0.7689968027568836,12
9894,0.8488088380508378,33,0.7684709727494728,15
9895,0.8418005376845374,34,0.7402007769591524,14
9896,0.8730051668886669,34,0.5396602272727267,10
9897,0.8622938485680985,37,0.709084585945917,13
9898,0.8744408708513711,34,0.7483665837495839,26
9900,0.8414658031968034,71,0.831731228798979,15
9901,0.8174382062937059,33,0.6252316842463094,10
9903,0.8210824999999997,34,0.7858800000000007,12
9904,0.8892320670995677,52,0.7497568382352943,10
9905,0.8533806227383733,33,0.765750475903182,13
9906,0.9022256774336777,34,0.8483003804847116,10
9907,0.8352025722610719,34,0.7985283825659636,14
9908,0.854832803779554,34,0.6837745920329666,17
9909,0.8130437500000004,33,0.7444687626262629,10
9913,0.8584003484570986,34,0.7965460934482187,13
9914,0.8475551904761908,33,0.7957399999999999,11
9915,0.8774786918081918,38,0.7694419139928701,10
9917,0.8446445190642691,33,0.7368069789377291,14
9918,0.8276071558164062,32,0.7453892122362932,13
9920,0.8364344164169165,43,0.7573647244185555,14
9923,0.8402837645132645,34,0.7722330672383176,12
9925,0.8417455952380954,32,0.7954603571428577,11
9926,0.8721317185592184,62,0.768104389430015,15
9927,0.8215048558386058,31,0.6406342489177486,13
9928,0.845197905816406,32,0.8439579576991636,16
9929,0.8361209052059049,34,0.601511243589743,18
9930,0.8436585440947938,60,0.7669613333333334,15
9931,0.902096843378843,42,0.7505381919510232,12
9932,0.8206421587301592,33,0.7929791229505794,17
9935,0.871422578449329,34,0.7221263659673657,11
9936,0.8060755069375071,31,0.7655603168220666,11
9938,0.8151654694194694,33,0.7686621915168169,10
9939,0.7955212234432234,32,0.8694390000000003,11
9940,0.8957419285714288,57,0.8593072857142858,15
9942,0.8666759722222231,30,0.819923,10
9943,0.8185816075868574,32,0.622999684454435,14
9944,0.9075861428571431,33,0.8782352857142858,11
9945,0.8517708355810859,34,0.7757091375291375,13
9946,0.8433130634920638,33,0.7794265054945061,16
9948,0.8520626282051286,32,0.7211586669025425,11
9949,0.8843664267121764,32,0.7928875591532651,10
9950,0.7929005769230766,33,0.6298695000000002,9
9951,0.8476598538406043,32,0.7085854340659342,12
9952,0.8599670833333327,33,0.7824000000000001,9
9954,0.7788012077922081,34,0.6966895000000004,11
9956,0.8344878231768231,32,0.70112936348782,9
9957,0.9283403459595958,30,0.8782275000000003,15
9958,0.8577865873848376,33,0.6391093533868087,10
9959,0.780755785714286,34,0.5703910454545447,9
9960,0.8383427259407261,31,0.7620446984265736,10
9961,0.8494267512210013,33,0.6826526538461537,12
9963,0.8973261021756016,31,0.8018828499180557,10
9964,0.8112873917748922,34,0.7961107083333332,17
9965,0.8412607500000001,32,0.8083492857142862,10
9966,0.8208908333333332,32,0.7343936736041732,13
9967,0.8988700303030305,33,0.8024159440836941,12
9968,0.8371730022755024,34,0.7356808456306767,22
9969,0.8671330276667781,32,0.7743321961649456,11
9970,0.8329593177655675,34,0.6984017406759908,9
9971,0.860333401237651,33,0.787447459013209,12
9972,0.8727255798090803,33,0.7556782891830396,10
9974,0.8669078647463643,33,0.8318671489662303,11
9975,0.8156648531746032,34,0.6586283297437852,22
9976,0.8142474786602285,33,0.7284924365218117,16
9977,0.8551555576923074,36,0.7571995293456546,15
9980,0.8657535215062717,33,0.7185453951603951,15
9981,0.8489678380508383,32,0.7691605212328524,14
9982,0.866443666666667,32,0.7545793333333332,10
9983,0.7673196666666666,34,0.7390815097402598,11
9984,0.8493311727716728,34,0.7743221506034811,11
9985,0.8132126115828613,34,0.7906640839438339,28
9986,0.8293704691142196,33,0.7540771372973434,17
9987,0.9323705609113112,34,0.8824875764137827,12
9988,0.8148629897602403,32,0.7256554027777777,11
9989,0.7915657432844935,34,0.7432234900793653,14
9990,0.8701204999999994,34,0.7732043333333328,24
9991,0.8587403792596295,33,0.5993756612554109,10
9992,0.808022575341325,33,0.8820518262848266,11
9993,0.8595498269230769,33,0.7161461204767454,10
9994,0.8587344157231656,50,0.6747299023199027,10
9995,0.8445703824786327,47,0.7348855493811746,9
9996,0.8314205996503499,39,0.7732116075354386,12
9997,0.8244271666666669,35,0.7324532435897437,9
9998,0.8672380049117544,33,0.78652397993673,10
9999,0.8265901154678649,32,0.7545655891885896,12
10000,0.8558610815573318,33,0.7773837285353535,13
10001,0.8070169863747365,33,0.5686358457930953,11
10002,0.8614178175435668,59,0.7768139578754581,24
10003,0.7852844523809525,34,0.579445833333333,11
10004,0.9085087499999994,34,0.6163049999999999,17
10005,0.7754455881895879,34,0.8534170367965369,9
10006,0.8621207658175161,34,0.7159435065351315,12
10007,0.7486819999999997,34,0.6438085271395276,12
10008,0.8007697727272725,33,0.7863175000000004,10
